"filename", "language", "JSON", "Python", "Markdown", "YAML", "Properties", "Shell Script", "reStructuredText", "PowerShell", "Ini", "pip requirements", "Svelte", "TypeScript", "JavaScript", "CSS", "HTML", "JSON with Comments", "comment", "blank", "total"
"/Users/vetleforthun/Documents/GitHub/agenticgroking/Agentic-Reasoning/.trunk/configs/.isort.cfg", "Properties", 0, 0, 0, 0, 2, 0, 0, 0, 0, 0, 0, 0, 0, 0, 0, 0, 0, 1, 3
"/Users/vetleforthun/Documents/GitHub/agenticgroking/Agentic-Reasoning/.trunk/configs/.markdownlint.yaml", "YAML", 0, 0, 0, 1, 0, 0, 0, 0, 0, 0, 0, 0, 0, 0, 0, 0, 1, 1, 3
"/Users/vetleforthun/Documents/GitHub/agenticgroking/Agentic-Reasoning/.trunk/configs/.yamllint.yaml", "YAML", 0, 0, 0, 7, 0, 0, 0, 0, 0, 0, 0, 0, 0, 0, 0, 0, 0, 1, 8
"/Users/vetleforthun/Documents/GitHub/agenticgroking/Agentic-Reasoning/.trunk/trunk.yaml", "YAML", 0, 0, 0, 32, 0, 0, 0, 0, 0, 0, 0, 0, 0, 0, 0, 0, 5, 1, 38
"/Users/vetleforthun/Documents/GitHub/agenticgroking/Agentic-Reasoning/README.md", "Markdown", 0, 0, 4760, 0, 0, 0, 0, 0, 0, 0, 0, 0, 0, 0, 0, 0, 0, 4, 4764
"/Users/vetleforthun/Documents/GitHub/agenticgroking/Agentic-Reasoning/agentic_research/__init__.py", "Python", 0, 9, 0, 0, 0, 0, 0, 0, 0, 0, 0, 0, 0, 0, 0, 0, 0, 2, 11
"/Users/vetleforthun/Documents/GitHub/agenticgroking/Agentic-Reasoning/agentic_research/collaborative_storm/__init__.py", "Python", 0, 13, 0, 0, 0, 0, 0, 0, 0, 0, 0, 0, 0, 0, 0, 0, 0, 1, 14
"/Users/vetleforthun/Documents/GitHub/agenticgroking/Agentic-Reasoning/agentic_research/collaborative_storm/discourse_manager.py", "Python", 0, 135, 0, 0, 0, 0, 0, 0, 0, 0, 0, 0, 0, 0, 0, 0, 0, 11, 146
"/Users/vetleforthun/Documents/GitHub/agenticgroking/Agentic-Reasoning/agentic_research/collaborative_storm/lm_configs.py", "Python", 0, 86, 0, 0, 0, 0, 0, 0, 0, 0, 0, 0, 0, 0, 0, 0, 0, 10, 96
"/Users/vetleforthun/Documents/GitHub/agenticgroking/Agentic-Reasoning/agentic_research/collaborative_storm/modules/__init__.py", "Python", 0, 8, 0, 0, 0, 0, 0, 0, 0, 0, 0, 0, 0, 0, 0, 0, 0, 1, 9
"/Users/vetleforthun/Documents/GitHub/agenticgroking/Agentic-Reasoning/agentic_research/collaborative_storm/modules/article_generation.py", "Python", 0, 104, 0, 0, 0, 0, 0, 0, 0, 0, 0, 0, 0, 0, 0, 0, 3, 17, 124
"/Users/vetleforthun/Documents/GitHub/agenticgroking/Agentic-Reasoning/agentic_research/collaborative_storm/modules/callback.py", "Python", 0, 82, 0, 0, 0, 0, 0, 0, 0, 0, 0, 0, 0, 0, 0, 0, 0, 29, 111
"/Users/vetleforthun/Documents/GitHub/agenticgroking/Agentic-Reasoning/agentic_research/collaborative_storm/modules/co_storm_agents.py", "Python", 0, 334, 0, 0, 0, 0, 0, 0, 0, 0, 0, 0, 0, 0, 0, 0, 11, 31, 376
"/Users/vetleforthun/Documents/GitHub/agenticgroking/Agentic-Reasoning/agentic_research/collaborative_storm/modules/collaborative_storm_utils.py", "Python", 0, 207, 0, 0, 0, 0, 0, 0, 0, 0, 0, 0, 0, 0, 0, 0, 7, 48, 262
"/Users/vetleforthun/Documents/GitHub/agenticgroking/Agentic-Reasoning/agentic_research/collaborative_storm/modules/costorm_expert_utterance_generator.py", "Python", 0, 144, 0, 0, 0, 0, 0, 0, 0, 0, 0, 0, 0, 0, 0, 0, 2, 15, 161
"/Users/vetleforthun/Documents/GitHub/agenticgroking/Agentic-Reasoning/agentic_research/collaborative_storm/modules/expert_generation.py", "Python", 0, 73, 0, 0, 0, 0, 0, 0, 0, 0, 0, 0, 0, 0, 0, 0, 0, 11, 84
"/Users/vetleforthun/Documents/GitHub/agenticgroking/Agentic-Reasoning/agentic_research/collaborative_storm/modules/grounded_question_answering.py", "Python", 0, 141, 0, 0, 0, 0, 0, 0, 0, 0, 0, 0, 0, 0, 0, 0, 8, 15, 164
"/Users/vetleforthun/Documents/GitHub/agenticgroking/Agentic-Reasoning/agentic_research/collaborative_storm/modules/grounded_question_generation.py", "Python", 0, 97, 0, 0, 0, 0, 0, 0, 0, 0, 0, 0, 0, 0, 0, 0, 0, 17, 114
"/Users/vetleforthun/Documents/GitHub/agenticgroking/Agentic-Reasoning/agentic_research/collaborative_storm/modules/information_insertion_module.py", "Python", 0, 370, 0, 0, 0, 0, 0, 0, 0, 0, 0, 0, 0, 0, 0, 0, 14, 41, 425
"/Users/vetleforthun/Documents/GitHub/agenticgroking/Agentic-Reasoning/agentic_research/collaborative_storm/modules/knowledge_base_summary.py", "Python", 0, 26, 0, 0, 0, 0, 0, 0, 0, 0, 0, 0, 0, 0, 0, 0, 0, 7, 33
"/Users/vetleforthun/Documents/GitHub/agenticgroking/Agentic-Reasoning/agentic_research/collaborative_storm/modules/simulate_user.py", "Python", 0, 30, 0, 0, 0, 0, 0, 0, 0, 0, 0, 0, 0, 0, 0, 0, 0, 8, 38
"/Users/vetleforthun/Documents/GitHub/agenticgroking/Agentic-Reasoning/agentic_research/collaborative_storm/modules/warmstart_hierarchical_chat.py", "Python", 0, 353, 0, 0, 0, 0, 0, 0, 0, 0, 0, 0, 0, 0, 0, 0, 10, 46, 409
"/Users/vetleforthun/Documents/GitHub/agenticgroking/Agentic-Reasoning/agentic_research/collaborative_storm/runner.py", "Python", 0, 77, 0, 0, 0, 0, 0, 0, 0, 0, 0, 0, 0, 0, 0, 0, 1, 6, 84
"/Users/vetleforthun/Documents/GitHub/agenticgroking/Agentic-Reasoning/agentic_research/collaborative_storm/runner_args.py", "Python", 0, 22, 0, 0, 0, 0, 0, 0, 0, 0, 0, 0, 0, 0, 0, 0, 0, 4, 26
"/Users/vetleforthun/Documents/GitHub/agenticgroking/Agentic-Reasoning/agentic_research/collaborative_storm/turn_policy.py", "Python", 0, 8, 0, 0, 0, 0, 0, 0, 0, 0, 0, 0, 0, 0, 0, 0, 0, 3, 11
"/Users/vetleforthun/Documents/GitHub/agenticgroking/Agentic-Reasoning/agentic_research/dataclass.py", "Python", 0, 731, 0, 0, 0, 0, 0, 0, 0, 0, 0, 0, 0, 0, 0, 0, 6, 113, 850
"/Users/vetleforthun/Documents/GitHub/agenticgroking/Agentic-Reasoning/agentic_research/encoder.py", "Python", 0, 142, 0, 0, 0, 0, 0, 0, 0, 0, 0, 0, 0, 0, 0, 0, 2, 35, 179
"/Users/vetleforthun/Documents/GitHub/agenticgroking/Agentic-Reasoning/agentic_research/interface.py", "Python", 0, 493, 0, 0, 0, 0, 0, 0, 0, 0, 0, 0, 0, 0, 0, 0, 2, 114, 609
"/Users/vetleforthun/Documents/GitHub/agenticgroking/Agentic-Reasoning/agentic_research/lm.py", "Python", 0, 361, 0, 0, 0, 0, 0, 0, 0, 0, 0, 0, 0, 0, 0, 0, 712, 216, 1289
"/Users/vetleforthun/Documents/GitHub/agenticgroking/Agentic-Reasoning/agentic_research/logging_wrapper.py", "Python", 0, 179, 0, 0, 0, 0, 0, 0, 0, 0, 0, 0, 0, 0, 0, 0, 5, 29, 213
"/Users/vetleforthun/Documents/GitHub/agenticgroking/Agentic-Reasoning/agentic_research/rm.py", "Python", 0, 1022, 0, 0, 0, 0, 0, 0, 0, 0, 0, 0, 0, 0, 0, 0, 41, 176, 1239
"/Users/vetleforthun/Documents/GitHub/agenticgroking/Agentic-Reasoning/agentic_research/storm_analysis/__init__.py", "Python", 0, 2, 0, 0, 0, 0, 0, 0, 0, 0, 0, 0, 0, 0, 0, 0, 0, 1, 3
"/Users/vetleforthun/Documents/GitHub/agenticgroking/Agentic-Reasoning/agentic_research/storm_analysis/engine.py", "Python", 0, 400, 0, 0, 0, 0, 0, 0, 0, 0, 0, 0, 0, 0, 0, 0, 7, 36, 443
"/Users/vetleforthun/Documents/GitHub/agenticgroking/Agentic-Reasoning/agentic_research/storm_analysis/modules/__init__.py", "Python", 0, 4, 0, 0, 0, 0, 0, 0, 0, 0, 0, 0, 0, 0, 0, 0, 0, 1, 5
"/Users/vetleforthun/Documents/GitHub/agenticgroking/Agentic-Reasoning/agentic_research/storm_analysis/modules/article_generation.py", "Python", 0, 161, 0, 0, 0, 0, 0, 0, 0, 0, 0, 0, 0, 0, 0, 0, 4, 25, 190
"/Users/vetleforthun/Documents/GitHub/agenticgroking/Agentic-Reasoning/agentic_research/storm_analysis/modules/article_polish.py", "Python", 0, 81, 0, 0, 0, 0, 0, 0, 0, 0, 0, 0, 0, 0, 0, 0, 2, 20, 103
"/Users/vetleforthun/Documents/GitHub/agenticgroking/Agentic-Reasoning/agentic_research/storm_analysis/modules/callback.py", "Python", 0, 26, 0, 0, 0, 0, 0, 0, 0, 0, 0, 0, 0, 0, 0, 0, 0, 9, 35
"/Users/vetleforthun/Documents/GitHub/agenticgroking/Agentic-Reasoning/agentic_research/storm_analysis/modules/knowledge_curation.py", "Python", 0, 330, 0, 0, 0, 0, 0, 0, 0, 0, 0, 0, 0, 0, 0, 0, 7, 55, 392
"/Users/vetleforthun/Documents/GitHub/agenticgroking/Agentic-Reasoning/agentic_research/storm_analysis/modules/outline_generation.py", "Python", 0, 141, 0, 0, 0, 0, 0, 0, 0, 0, 0, 0, 0, 0, 0, 0, 0, 27, 168
"/Users/vetleforthun/Documents/GitHub/agenticgroking/Agentic-Reasoning/agentic_research/storm_analysis/modules/persona_generator.py", "Python", 0, 118, 0, 0, 0, 0, 0, 0, 0, 0, 0, 0, 0, 0, 0, 0, 3, 34, 155
"/Users/vetleforthun/Documents/GitHub/agenticgroking/Agentic-Reasoning/agentic_research/storm_analysis/modules/retriever.py", "Python", 0, 224, 0, 0, 0, 0, 0, 0, 0, 0, 0, 0, 0, 0, 0, 0, 3, 7, 234
"/Users/vetleforthun/Documents/GitHub/agenticgroking/Agentic-Reasoning/agentic_research/storm_analysis/modules/storm_dataclass.py", "Python", 0, 424, 0, 0, 0, 0, 0, 0, 0, 0, 0, 0, 0, 0, 0, 0, 13, 68, 505
"/Users/vetleforthun/Documents/GitHub/agenticgroking/Agentic-Reasoning/agentic_research/test_engine.py", "Python", 0, 7, 0, 0, 0, 0, 0, 0, 0, 0, 0, 0, 0, 0, 0, 0, 0, 3, 10
"/Users/vetleforthun/Documents/GitHub/agenticgroking/Agentic-Reasoning/agentic_research/utils.py", "Python", 0, 639, 0, 0, 0, 0, 0, 0, 0, 0, 0, 0, 0, 0, 0, 0, 35, 120, 794
"/Users/vetleforthun/Documents/GitHub/agenticgroking/Agentic-Reasoning/backend/__init__.py", "Python", 0, 0, 0, 0, 0, 0, 0, 0, 0, 0, 0, 0, 0, 0, 0, 0, 0, 1, 1
"/Users/vetleforthun/Documents/GitHub/agenticgroking/Agentic-Reasoning/backend/agents/__init__.py", "Python", 0, 0, 0, 0, 0, 0, 0, 0, 0, 0, 0, 0, 0, 0, 0, 0, 0, 1, 1
"/Users/vetleforthun/Documents/GitHub/agenticgroking/Agentic-Reasoning/backend/agents/coder_agent.py", "Python", 0, 39, 0, 0, 0, 0, 0, 0, 0, 0, 0, 0, 0, 0, 0, 0, 5, 10, 54
"/Users/vetleforthun/Documents/GitHub/agenticgroking/Agentic-Reasoning/backend/agents/merge_agent.py", "Python", 0, 60, 0, 0, 0, 0, 0, 0, 0, 0, 0, 0, 0, 0, 0, 0, 3, 7, 70
"/Users/vetleforthun/Documents/GitHub/agenticgroking/Agentic-Reasoning/backend/agents/models.py", "Python", 0, 25, 0, 0, 0, 0, 0, 0, 0, 0, 0, 0, 0, 0, 0, 0, 0, 5, 30
"/Users/vetleforthun/Documents/GitHub/agenticgroking/Agentic-Reasoning/backend/agents/orchestrator_agent.py", "Python", 0, 169, 0, 0, 0, 0, 0, 0, 0, 0, 0, 0, 0, 0, 0, 0, 18, 24, 211
"/Users/vetleforthun/Documents/GitHub/agenticgroking/Agentic-Reasoning/backend/agents/planner_agent.py", "Python", 0, 35, 0, 0, 0, 0, 0, 0, 0, 0, 0, 0, 0, 0, 0, 0, 2, 8, 45
"/Users/vetleforthun/Documents/GitHub/agenticgroking/Agentic-Reasoning/backend/agents/review_agent.py", "Python", 0, 52, 0, 0, 0, 0, 0, 0, 0, 0, 0, 0, 0, 0, 0, 0, 1, 8, 61
"/Users/vetleforthun/Documents/GitHub/agenticgroking/Agentic-Reasoning/backend/agents/test_coder_agent.py", "Python", 0, 87, 0, 0, 0, 0, 0, 0, 0, 0, 0, 0, 0, 0, 0, 0, 9, 7, 103
"/Users/vetleforthun/Documents/GitHub/agenticgroking/Agentic-Reasoning/backend/agents/utils.py", "Python", 0, 18, 0, 0, 0, 0, 0, 0, 0, 0, 0, 0, 0, 0, 0, 0, 0, 2, 20
"/Users/vetleforthun/Documents/GitHub/agenticgroking/Agentic-Reasoning/backend/communication.py", "Python", 0, 68, 0, 0, 0, 0, 0, 0, 0, 0, 0, 0, 0, 0, 0, 0, 1, 10, 79
"/Users/vetleforthun/Documents/GitHub/agenticgroking/Agentic-Reasoning/backend/main.py", "Python", 0, 3, 0, 0, 0, 0, 0, 0, 0, 0, 0, 0, 0, 0, 0, 0, 1, 3, 7
"/Users/vetleforthun/Documents/GitHub/agenticgroking/Agentic-Reasoning/backend/models/shared.py", "Python", 0, 6, 0, 0, 0, 0, 0, 0, 0, 0, 0, 0, 0, 0, 0, 0, 0, 2, 8
"/Users/vetleforthun/Documents/GitHub/agenticgroking/Agentic-Reasoning/backend/package-lock.json", "JSON", 13, 0, 0, 0, 0, 0, 0, 0, 0, 0, 0, 0, 0, 0, 0, 0, 0, 1, 14
"/Users/vetleforthun/Documents/GitHub/agenticgroking/Agentic-Reasoning/backend/package.json", "JSON", 12, 0, 0, 0, 0, 0, 0, 0, 0, 0, 0, 0, 0, 0, 0, 0, 0, 1, 13
"/Users/vetleforthun/Documents/GitHub/agenticgroking/Agentic-Reasoning/backend/repo_map.py", "Python", 0, 379, 0, 0, 0, 0, 0, 0, 0, 0, 0, 0, 0, 0, 0, 0, 26, 46, 451
"/Users/vetleforthun/Documents/GitHub/agenticgroking/Agentic-Reasoning/backend/server.py", "Python", 0, 33, 0, 0, 0, 0, 0, 0, 0, 0, 0, 0, 0, 0, 0, 0, 5, 8, 46
"/Users/vetleforthun/Documents/GitHub/agenticgroking/Agentic-Reasoning/backend/utils.py", "Python", 0, 182, 0, 0, 0, 0, 0, 0, 0, 0, 0, 0, 0, 0, 0, 0, 6, 32, 220
"/Users/vetleforthun/Documents/GitHub/agenticgroking/Agentic-Reasoning/docs/00_Original_reference-docs/old-ar-README.md", "Markdown", 0, 0, 46, 0, 0, 0, 0, 0, 0, 0, 0, 0, 0, 0, 0, 0, 0, 14, 60
"/Users/vetleforthun/Documents/GitHub/agenticgroking/Agentic-Reasoning/docs/00_Original_reference-docs/old-cp-README.md", "Markdown", 0, 0, 134, 0, 0, 0, 0, 0, 0, 0, 0, 0, 0, 0, 0, 0, 0, 59, 193
"/Users/vetleforthun/Documents/GitHub/agenticgroking/Agentic-Reasoning/docs/00_Original_reference-docs/old_cp_breakdown.md", "Markdown", 0, 0, 146, 0, 0, 0, 0, 0, 0, 0, 0, 0, 0, 0, 0, 0, 0, 37, 183
"/Users/vetleforthun/Documents/GitHub/agenticgroking/Agentic-Reasoning/docs/01_Project_Overview/file_tree_map.md", "Markdown", 0, 0, 36, 0, 0, 0, 0, 0, 0, 0, 0, 0, 0, 0, 0, 0, 0, 3, 39
"/Users/vetleforthun/Documents/GitHub/agenticgroking/Agentic-Reasoning/docs/02_Phase1_Backend_Integration/setup_guide_agentic_reasoning.md", "Markdown", 0, 0, 106, 0, 0, 0, 0, 0, 0, 0, 0, 0, 0, 0, 0, 0, 0, 43, 149
"/Users/vetleforthun/Documents/GitHub/agenticgroking/Agentic-Reasoning/docs/02_Phase1_Backend_Integration/setup_progress.md", "Markdown", 0, 0, 92, 0, 0, 0, 0, 0, 0, 0, 0, 0, 0, 0, 0, 0, 0, 30, 122
"/Users/vetleforthun/Documents/GitHub/agenticgroking/Agentic-Reasoning/docs/Integration-guide/Integration-study-Merging-AI-Codepilot,.md", "Markdown", 0, 0, 975, 0, 0, 0, 0, 0, 0, 0, 0, 0, 0, 0, 0, 0, 0, 113, 1088
"/Users/vetleforthun/Documents/GitHub/agenticgroking/Agentic-Reasoning/docs/Integration-guide/README.md", "Markdown", 0, 0, 6, 0, 0, 0, 0, 0, 0, 0, 0, 0, 0, 0, 0, 0, 0, 2, 8
"/Users/vetleforthun/Documents/GitHub/agenticgroking/Agentic-Reasoning/docs/Integration-guide/cloud-deployment-strategy/security-networking.md", "Markdown", 0, 0, 17, 0, 0, 0, 0, 0, 0, 0, 0, 0, 0, 0, 0, 0, 0, 3, 20
"/Users/vetleforthun/Documents/GitHub/agenticgroking/Agentic-Reasoning/docs/Integration-guide/deepresearch.md", "Markdown", 0, 0, 1197, 0, 0, 0, 0, 0, 0, 0, 0, 0, 0, 0, 0, 0, 0, 151, 1348
"/Users/vetleforthun/Documents/GitHub/agenticgroking/Agentic-Reasoning/docs/Integration-guide/git-and-doc-strategy.md", "Markdown", 0, 0, 346, 0, 0, 0, 0, 0, 0, 0, 0, 0, 0, 0, 0, 0, 0, 41, 387
"/Users/vetleforthun/Documents/GitHub/agenticgroking/Agentic-Reasoning/docs/Integration-guide/index.md", "Markdown", 0, 0, 3, 0, 0, 0, 0, 0, 0, 0, 0, 0, 0, 0, 0, 0, 0, 2, 5
"/Users/vetleforthun/Documents/GitHub/agenticgroking/Agentic-Reasoning/docs/Integration-guide/summary.md", "Markdown", 0, 0, 5, 0, 0, 0, 0, 0, 0, 0, 0, 0, 0, 0, 0, 0, 0, 1, 6
"/Users/vetleforthun/Documents/GitHub/agenticgroking/Agentic-Reasoning/docs/coder_agent_integration.md", "Markdown", 0, 0, 22, 0, 0, 0, 0, 0, 0, 0, 0, 0, 0, 0, 0, 0, 0, 7, 29
"/Users/vetleforthun/Documents/GitHub/agenticgroking/Agentic-Reasoning/docs/documentation-rules.md", "Markdown", 0, 0, 124, 0, 0, 0, 0, 0, 0, 0, 0, 0, 0, 0, 0, 0, 0, 5, 129
"/Users/vetleforthun/Documents/GitHub/agenticgroking/Agentic-Reasoning/docs/graphrag_compatibility_solutions.md", "Markdown", 0, 0, 27, 0, 0, 0, 0, 0, 0, 0, 0, 0, 0, 0, 0, 0, 0, 19, 46
"/Users/vetleforthun/Documents/GitHub/agenticgroking/Agentic-Reasoning/docs/integration-status.md", "Markdown", 0, 0, 81, 0, 0, 0, 0, 0, 0, 0, 0, 0, 0, 0, 0, 0, 0, 18, 99
"/Users/vetleforthun/Documents/GitHub/agenticgroking/Agentic-Reasoning/docs/integration_guardrails.md", "Markdown", 0, 0, 57, 0, 0, 0, 0, 0, 0, 0, 0, 0, 0, 0, 0, 0, 0, 22, 79
"/Users/vetleforthun/Documents/GitHub/agenticgroking/Agentic-Reasoning/docs/intelligentcontextretrieval.md", "Markdown", 0, 0, 52, 0, 0, 0, 0, 0, 0, 0, 0, 0, 0, 0, 0, 0, 0, 4, 56
"/Users/vetleforthun/Documents/GitHub/agenticgroking/Agentic-Reasoning/docs/websocket_visualization.md", "Markdown", 0, 0, 22, 0, 0, 0, 0, 0, 0, 0, 0, 0, 0, 0, 0, 0, 0, 7, 29
"/Users/vetleforthun/Documents/GitHub/agenticgroking/Agentic-Reasoning/environment.yml", "YAML", 0, 0, 0, 359, 0, 0, 0, 0, 0, 0, 0, 0, 0, 0, 0, 0, 0, 1, 360
"/Users/vetleforthun/Documents/GitHub/agenticgroking/Agentic-Reasoning/frontend/README.md", "Markdown", 0, 0, 27, 0, 0, 0, 0, 0, 0, 0, 0, 0, 0, 0, 0, 0, 0, 21, 48
"/Users/vetleforthun/Documents/GitHub/agenticgroking/Agentic-Reasoning/frontend/index.html", "HTML", 0, 0, 0, 0, 0, 0, 0, 0, 0, 0, 0, 0, 0, 0, 13, 0, 0, 1, 14
"/Users/vetleforthun/Documents/GitHub/agenticgroking/Agentic-Reasoning/frontend/jsconfig.json", "JSON with Comments", 0, 0, 0, 0, 0, 0, 0, 0, 0, 0, 0, 0, 0, 0, 0, 15, 17, 1, 33
"/Users/vetleforthun/Documents/GitHub/agenticgroking/Agentic-Reasoning/frontend/package-lock.json", "JSON", 2004, 0, 0, 0, 0, 0, 0, 0, 0, 0, 0, 0, 0, 0, 0, 0, 0, 1, 2005
"/Users/vetleforthun/Documents/GitHub/agenticgroking/Agentic-Reasoning/frontend/package.json", "JSON", 26, 0, 0, 0, 0, 0, 0, 0, 0, 0, 0, 0, 0, 0, 0, 0, 0, 1, 27
"/Users/vetleforthun/Documents/GitHub/agenticgroking/Agentic-Reasoning/frontend/src/App.svelte", "Svelte", 0, 0, 0, 0, 0, 0, 0, 0, 0, 0, 249, 0, 0, 0, 0, 0, 2, 30, 281
"/Users/vetleforthun/Documents/GitHub/agenticgroking/Agentic-Reasoning/frontend/src/DiffViewer.svelte", "Svelte", 0, 0, 0, 0, 0, 0, 0, 0, 0, 0, 45, 0, 0, 0, 0, 0, 0, 8, 53
"/Users/vetleforthun/Documents/GitHub/agenticgroking/Agentic-Reasoning/frontend/src/app.css", "CSS", 0, 0, 0, 0, 0, 0, 0, 0, 0, 0, 0, 0, 0, 43, 0, 0, 2, 15, 60
"/Users/vetleforthun/Documents/GitHub/agenticgroking/Agentic-Reasoning/frontend/src/main.js", "JavaScript", 0, 0, 0, 0, 0, 0, 0, 0, 0, 0, 0, 0, 7, 0, 0, 0, 0, 3, 10
"/Users/vetleforthun/Documents/GitHub/agenticgroking/Agentic-Reasoning/frontend/src/vite-env.d.ts", "TypeScript", 0, 0, 0, 0, 0, 0, 0, 0, 0, 0, 0, 0, 0, 0, 0, 0, 2, 1, 3
"/Users/vetleforthun/Documents/GitHub/agenticgroking/Agentic-Reasoning/frontend/svelte.config.js", "JavaScript", 0, 0, 0, 0, 0, 0, 0, 0, 0, 0, 0, 0, 4, 0, 0, 0, 2, 2, 8
"/Users/vetleforthun/Documents/GitHub/agenticgroking/Agentic-Reasoning/frontend/vite.config.js", "JavaScript", 0, 0, 0, 0, 0, 0, 0, 0, 0, 0, 0, 0, 6, 0, 0, 0, 1, 3, 10
"/Users/vetleforthun/Documents/GitHub/agenticgroking/Agentic-Reasoning/nano-graphrag/.github/workflows/test.yml", "YAML", 0, 0, 0, 56, 0, 0, 0, 0, 0, 0, 0, 0, 0, 0, 0, 0, 0, 3, 59
"/Users/vetleforthun/Documents/GitHub/agenticgroking/Agentic-Reasoning/nano-graphrag/docs/CONTRIBUTING.md", "Markdown", 0, 0, 11, 0, 0, 0, 0, 0, 0, 0, 0, 0, 0, 0, 0, 0, 0, 8, 19
"/Users/vetleforthun/Documents/GitHub/agenticgroking/Agentic-Reasoning/nano-graphrag/docs/FAQ.md", "Markdown", 0, 0, 26, 0, 0, 0, 0, 0, 0, 0, 0, 0, 0, 0, 0, 0, 0, 16, 42
"/Users/vetleforthun/Documents/GitHub/agenticgroking/Agentic-Reasoning/nano-graphrag/docs/ROADMAP.md", "Markdown", 0, 0, 11, 0, 0, 0, 0, 0, 0, 0, 0, 0, 0, 0, 0, 0, 0, 14, 25
"/Users/vetleforthun/Documents/GitHub/agenticgroking/Agentic-Reasoning/nano-graphrag/docs/benchmark-dspy-entity-extraction.md", "Markdown", 0, 0, 268, 0, 0, 0, 0, 0, 0, 0, 0, 0, 0, 0, 0, 0, 0, 9, 277
"/Users/vetleforthun/Documents/GitHub/agenticgroking/Agentic-Reasoning/nano-graphrag/docs/benchmark-en.md", "Markdown", 0, 0, 87, 0, 0, 0, 0, 0, 0, 0, 0, 0, 0, 0, 0, 0, 0, 64, 151
"/Users/vetleforthun/Documents/GitHub/agenticgroking/Agentic-Reasoning/nano-graphrag/docs/benchmark-zh.md", "Markdown", 0, 0, 56, 0, 0, 0, 0, 0, 0, 0, 0, 0, 0, 0, 0, 0, 0, 36, 92
"/Users/vetleforthun/Documents/GitHub/agenticgroking/Agentic-Reasoning/nano-graphrag/docs/use_neo4j_for_graphrag.md", "Markdown", 0, 0, 21, 0, 0, 0, 0, 0, 0, 0, 0, 0, 0, 0, 0, 0, 0, 7, 28
"/Users/vetleforthun/Documents/GitHub/agenticgroking/Agentic-Reasoning/nano-graphrag/examples/benchmarks/dspy_entity.py", "Python", 0, 122, 0, 0, 0, 0, 0, 0, 0, 0, 0, 0, 0, 0, 0, 0, 4, 27, 153
"/Users/vetleforthun/Documents/GitHub/agenticgroking/Agentic-Reasoning/nano-graphrag/examples/benchmarks/eval_naive_graphrag_on_multi_hop.ipynb", "JSON", 432, 0, 0, 0, 0, 0, 0, 0, 0, 0, 0, 0, 0, 0, 0, 0, 0, 1, 433
"/Users/vetleforthun/Documents/GitHub/agenticgroking/Agentic-Reasoning/nano-graphrag/examples/benchmarks/hnsw_vs_nano_vector_storage.py", "Python", 0, 57, 0, 0, 0, 0, 0, 0, 0, 0, 0, 0, 0, 0, 0, 0, 0, 21, 78
"/Users/vetleforthun/Documents/GitHub/agenticgroking/Agentic-Reasoning/nano-graphrag/examples/benchmarks/md5_vs_xxhash.py", "Python", 0, 42, 0, 0, 0, 0, 0, 0, 0, 0, 0, 0, 0, 0, 0, 0, 0, 12, 54
"/Users/vetleforthun/Documents/GitHub/agenticgroking/Agentic-Reasoning/nano-graphrag/examples/finetune_entity_relationship_dspy.ipynb", "JSON", 14478, 0, 0, 0, 0, 0, 0, 0, 0, 0, 0, 0, 0, 0, 0, 0, 0, 1, 14479
"/Users/vetleforthun/Documents/GitHub/agenticgroking/Agentic-Reasoning/nano-graphrag/examples/generate_entity_relationship_dspy.ipynb", "JSON", 2062, 0, 0, 0, 0, 0, 0, 0, 0, 0, 0, 0, 0, 0, 0, 0, 0, 1, 2063
"/Users/vetleforthun/Documents/GitHub/agenticgroking/Agentic-Reasoning/nano-graphrag/examples/graphml_visualize.py", "Python", 0, 236, 0, 0, 0, 0, 0, 0, 0, 0, 0, 0, 0, 0, 0, 0, 8, 38, 282
"/Users/vetleforthun/Documents/GitHub/agenticgroking/Agentic-Reasoning/nano-graphrag/examples/no_openai_key_at_all.py", "Python", 0, 81, 0, 0, 0, 0, 0, 0, 0, 0, 0, 0, 0, 0, 0, 0, 9, 22, 112
"/Users/vetleforthun/Documents/GitHub/agenticgroking/Agentic-Reasoning/nano-graphrag/examples/using_amazon_bedrock.py", "Python", 0, 12, 0, 0, 0, 0, 0, 0, 0, 0, 0, 0, 0, 0, 0, 0, 2, 6, 20
"/Users/vetleforthun/Documents/GitHub/agenticgroking/Agentic-Reasoning/nano-graphrag/examples/using_custom_chunking_method.py", "Python", 0, 34, 0, 0, 0, 0, 0, 0, 0, 0, 0, 0, 0, 0, 0, 0, 0, 10, 44
"/Users/vetleforthun/Documents/GitHub/agenticgroking/Agentic-Reasoning/nano-graphrag/examples/using_deepseek_api_as_llm+glm_api_as_embedding.py", "Python", 0, 101, 0, 0, 0, 0, 0, 0, 0, 0, 0, 0, 0, 0, 0, 0, 7, 29, 137
"/Users/vetleforthun/Documents/GitHub/agenticgroking/Agentic-Reasoning/nano-graphrag/examples/using_deepseek_as_llm.py", "Python", 0, 71, 0, 0, 0, 0, 0, 0, 0, 0, 0, 0, 0, 0, 0, 0, 7, 21, 99
"/Users/vetleforthun/Documents/GitHub/agenticgroking/Agentic-Reasoning/nano-graphrag/examples/using_dspy_entity_extraction.py", "Python", 0, 116, 0, 0, 0, 0, 0, 0, 0, 0, 0, 0, 0, 0, 0, 0, 4, 25, 145
"/Users/vetleforthun/Documents/GitHub/agenticgroking/Agentic-Reasoning/nano-graphrag/examples/using_faiss_as_vextorDB.py", "Python", 0, 76, 0, 0, 0, 0, 0, 0, 0, 0, 0, 0, 0, 0, 0, 0, 1, 20, 97
"/Users/vetleforthun/Documents/GitHub/agenticgroking/Agentic-Reasoning/nano-graphrag/examples/using_hnsw_as_vectorDB.py", "Python", 0, 102, 0, 0, 0, 0, 0, 0, 0, 0, 0, 0, 0, 0, 0, 0, 4, 24, 130
"/Users/vetleforthun/Documents/GitHub/agenticgroking/Agentic-Reasoning/nano-graphrag/examples/using_llm_api_as_llm+ollama_embedding.py", "Python", 0, 90, 0, 0, 0, 0, 0, 0, 0, 0, 0, 0, 0, 0, 0, 0, 9, 24, 123
"/Users/vetleforthun/Documents/GitHub/agenticgroking/Agentic-Reasoning/nano-graphrag/examples/using_local_embedding_model.py", "Python", 0, 26, 0, 0, 0, 0, 0, 0, 0, 0, 0, 0, 0, 0, 0, 0, 2, 11, 39
"/Users/vetleforthun/Documents/GitHub/agenticgroking/Agentic-Reasoning/nano-graphrag/examples/using_milvus_as_vectorDB.py", "Python", 0, 80, 0, 0, 0, 0, 0, 0, 0, 0, 0, 0, 0, 0, 0, 0, 1, 14, 95
"/Users/vetleforthun/Documents/GitHub/agenticgroking/Agentic-Reasoning/nano-graphrag/examples/using_ollama_as_llm.py", "Python", 0, 68, 0, 0, 0, 0, 0, 0, 0, 0, 0, 0, 0, 0, 0, 0, 8, 21, 97
"/Users/vetleforthun/Documents/GitHub/agenticgroking/Agentic-Reasoning/nano-graphrag/examples/using_ollama_as_llm_and_embedding.py", "Python", 0, 85, 0, 0, 0, 0, 0, 0, 0, 0, 0, 0, 0, 0, 0, 0, 10, 26, 121
"/Users/vetleforthun/Documents/GitHub/agenticgroking/Agentic-Reasoning/nano-graphrag/nano_graphrag/__init__.py", "Python", 0, 4, 0, 0, 0, 0, 0, 0, 0, 0, 0, 0, 0, 0, 0, 0, 1, 3, 8
"/Users/vetleforthun/Documents/GitHub/agenticgroking/Agentic-Reasoning/nano-graphrag/nano_graphrag/_llm.py", "Python", 0, 249, 0, 0, 0, 0, 0, 0, 0, 0, 0, 0, 0, 0, 0, 0, 1, 45, 295
"/Users/vetleforthun/Documents/GitHub/agenticgroking/Agentic-Reasoning/nano-graphrag/nano_graphrag/_op.py", "Python", 0, 1013, 0, 0, 0, 0, 0, 0, 0, 0, 0, 0, 0, 0, 0, 0, 10, 94, 1117
"/Users/vetleforthun/Documents/GitHub/agenticgroking/Agentic-Reasoning/nano-graphrag/nano_graphrag/_splitter.py", "Python", 0, 81, 0, 0, 0, 0, 0, 0, 0, 0, 0, 0, 0, 0, 0, 0, 0, 14, 95
"/Users/vetleforthun/Documents/GitHub/agenticgroking/Agentic-Reasoning/nano-graphrag/nano_graphrag/_storage/__init__.py", "Python", 0, 5, 0, 0, 0, 0, 0, 0, 0, 0, 0, 0, 0, 0, 0, 0, 0, 1, 6
"/Users/vetleforthun/Documents/GitHub/agenticgroking/Agentic-Reasoning/nano-graphrag/nano_graphrag/_storage/gdb_neo4j.py", "Python", 0, 262, 0, 0, 0, 0, 0, 0, 0, 0, 0, 0, 0, 0, 0, 0, 34, 35, 331
"/Users/vetleforthun/Documents/GitHub/agenticgroking/Agentic-Reasoning/nano-graphrag/nano_graphrag/_storage/gdb_networkx.py", "Python", 0, 197, 0, 0, 0, 0, 0, 0, 0, 0, 0, 0, 0, 0, 0, 0, 2, 40, 239
"/Users/vetleforthun/Documents/GitHub/agenticgroking/Agentic-Reasoning/nano-graphrag/nano_graphrag/_storage/kv_json.py", "Python", 0, 36, 0, 0, 0, 0, 0, 0, 0, 0, 0, 0, 0, 0, 0, 0, 0, 11, 47
"/Users/vetleforthun/Documents/GitHub/agenticgroking/Agentic-Reasoning/nano-graphrag/nano_graphrag/_storage/vdb_hnswlib.py", "Python", 0, 125, 0, 0, 0, 0, 0, 0, 0, 0, 0, 0, 0, 0, 0, 0, 0, 17, 142
"/Users/vetleforthun/Documents/GitHub/agenticgroking/Agentic-Reasoning/nano-graphrag/nano_graphrag/_storage/vdb_nanovectordb.py", "Python", 0, 60, 0, 0, 0, 0, 0, 0, 0, 0, 0, 0, 0, 0, 0, 0, 0, 9, 69
"/Users/vetleforthun/Documents/GitHub/agenticgroking/Agentic-Reasoning/nano-graphrag/nano_graphrag/_utils.py", "Python", 0, 190, 0, 0, 0, 0, 0, 0, 0, 0, 0, 0, 0, 0, 0, 0, 16, 62, 268
"/Users/vetleforthun/Documents/GitHub/agenticgroking/Agentic-Reasoning/nano-graphrag/nano_graphrag/base.py", "Python", 0, 116, 0, 0, 0, 0, 0, 0, 0, 0, 0, 0, 0, 0, 0, 0, 3, 41, 160
"/Users/vetleforthun/Documents/GitHub/agenticgroking/Agentic-Reasoning/nano-graphrag/nano_graphrag/entity_extraction/__init__.py", "Python", 0, 0, 0, 0, 0, 0, 0, 0, 0, 0, 0, 0, 0, 0, 0, 0, 0, 1, 1
"/Users/vetleforthun/Documents/GitHub/agenticgroking/Agentic-Reasoning/nano-graphrag/nano_graphrag/entity_extraction/extract.py", "Python", 0, 153, 0, 0, 0, 0, 0, 0, 0, 0, 0, 0, 0, 0, 0, 0, 0, 19, 172
"/Users/vetleforthun/Documents/GitHub/agenticgroking/Agentic-Reasoning/nano-graphrag/nano_graphrag/entity_extraction/metric.py", "Python", 0, 54, 0, 0, 0, 0, 0, 0, 0, 0, 0, 0, 0, 0, 0, 0, 0, 9, 63
"/Users/vetleforthun/Documents/GitHub/agenticgroking/Agentic-Reasoning/nano-graphrag/nano_graphrag/entity_extraction/module.py", "Python", 0, 288, 0, 0, 0, 0, 0, 0, 0, 0, 0, 0, 0, 0, 0, 0, 0, 37, 325
"/Users/vetleforthun/Documents/GitHub/agenticgroking/Agentic-Reasoning/nano-graphrag/nano_graphrag/graphrag.py", "Python", 0, 311, 0, 0, 0, 0, 0, 0, 0, 0, 0, 0, 0, 0, 0, 0, 18, 39, 368
"/Users/vetleforthun/Documents/GitHub/agenticgroking/Agentic-Reasoning/nano-graphrag/nano_graphrag/prompt.py", "Python", 0, 372, 0, 0, 0, 0, 0, 0, 0, 0, 0, 0, 0, 0, 0, 0, 23, 126, 521
"/Users/vetleforthun/Documents/GitHub/agenticgroking/Agentic-Reasoning/nano-graphrag/nano_graphrag_cache_2025-02-20-00:02:28/kv_store_community_reports.json", "JSON", 51, 0, 0, 0, 0, 0, 0, 0, 0, 0, 0, 0, 0, 0, 0, 0, 0, 0, 51
"/Users/vetleforthun/Documents/GitHub/agenticgroking/Agentic-Reasoning/nano-graphrag/nano_graphrag_cache_2025-02-20-00:02:28/kv_store_full_docs.json", "JSON", 5, 0, 0, 0, 0, 0, 0, 0, 0, 0, 0, 0, 0, 0, 0, 0, 0, 0, 5
"/Users/vetleforthun/Documents/GitHub/agenticgroking/Agentic-Reasoning/nano-graphrag/nano_graphrag_cache_2025-02-20-00:02:28/kv_store_llm_response_cache.json", "JSON", 14, 0, 0, 0, 0, 0, 0, 0, 0, 0, 0, 0, 0, 0, 0, 0, 0, 0, 14
"/Users/vetleforthun/Documents/GitHub/agenticgroking/Agentic-Reasoning/nano-graphrag/nano_graphrag_cache_2025-02-20-00:02:28/kv_store_text_chunks.json", "JSON", 8, 0, 0, 0, 0, 0, 0, 0, 0, 0, 0, 0, 0, 0, 0, 0, 0, 0, 8
"/Users/vetleforthun/Documents/GitHub/agenticgroking/Agentic-Reasoning/nano-graphrag/nano_graphrag_cache_2025-02-20-00:02:28/vdb_entities.json", "JSON", 1, 0, 0, 0, 0, 0, 0, 0, 0, 0, 0, 0, 0, 0, 0, 0, 0, 0, 1
"/Users/vetleforthun/Documents/GitHub/agenticgroking/Agentic-Reasoning/nano-graphrag/nano_graphrag_cache_2025-02-20-00:03:47/kv_store_community_reports.json", "JSON", 1, 0, 0, 0, 0, 0, 0, 0, 0, 0, 0, 0, 0, 0, 0, 0, 0, 0, 1
"/Users/vetleforthun/Documents/GitHub/agenticgroking/Agentic-Reasoning/nano-graphrag/nano_graphrag_cache_2025-02-20-00:03:47/kv_store_full_docs.json", "JSON", 1, 0, 0, 0, 0, 0, 0, 0, 0, 0, 0, 0, 0, 0, 0, 0, 0, 0, 1
"/Users/vetleforthun/Documents/GitHub/agenticgroking/Agentic-Reasoning/nano-graphrag/nano_graphrag_cache_2025-02-20-00:03:47/kv_store_llm_response_cache.json", "JSON", 10, 0, 0, 0, 0, 0, 0, 0, 0, 0, 0, 0, 0, 0, 0, 0, 0, 0, 10
"/Users/vetleforthun/Documents/GitHub/agenticgroking/Agentic-Reasoning/nano-graphrag/nano_graphrag_cache_2025-02-20-00:03:47/kv_store_text_chunks.json", "JSON", 1, 0, 0, 0, 0, 0, 0, 0, 0, 0, 0, 0, 0, 0, 0, 0, 0, 0, 1
"/Users/vetleforthun/Documents/GitHub/agenticgroking/Agentic-Reasoning/nano-graphrag/nano_graphrag_cache_2025-02-20-00:03:47/vdb_entities.json", "JSON", 1, 0, 0, 0, 0, 0, 0, 0, 0, 0, 0, 0, 0, 0, 0, 0, 0, 0, 1
"/Users/vetleforthun/Documents/GitHub/agenticgroking/Agentic-Reasoning/nano-graphrag/nano_graphrag_cache_2025-02-20-00:03:54/kv_store_community_reports.json", "JSON", 42, 0, 0, 0, 0, 0, 0, 0, 0, 0, 0, 0, 0, 0, 0, 0, 0, 0, 42
"/Users/vetleforthun/Documents/GitHub/agenticgroking/Agentic-Reasoning/nano-graphrag/nano_graphrag_cache_2025-02-20-00:03:54/kv_store_full_docs.json", "JSON", 5, 0, 0, 0, 0, 0, 0, 0, 0, 0, 0, 0, 0, 0, 0, 0, 0, 0, 5
"/Users/vetleforthun/Documents/GitHub/agenticgroking/Agentic-Reasoning/nano-graphrag/nano_graphrag_cache_2025-02-20-00:03:54/kv_store_llm_response_cache.json", "JSON", 14, 0, 0, 0, 0, 0, 0, 0, 0, 0, 0, 0, 0, 0, 0, 0, 0, 0, 14
"/Users/vetleforthun/Documents/GitHub/agenticgroking/Agentic-Reasoning/nano-graphrag/nano_graphrag_cache_2025-02-20-00:03:54/kv_store_text_chunks.json", "JSON", 8, 0, 0, 0, 0, 0, 0, 0, 0, 0, 0, 0, 0, 0, 0, 0, 0, 0, 8
"/Users/vetleforthun/Documents/GitHub/agenticgroking/Agentic-Reasoning/nano-graphrag/nano_graphrag_cache_2025-02-20-00:03:54/vdb_entities.json", "JSON", 1, 0, 0, 0, 0, 0, 0, 0, 0, 0, 0, 0, 0, 0, 0, 0, 0, 0, 1
"/Users/vetleforthun/Documents/GitHub/agenticgroking/Agentic-Reasoning/nano-graphrag/nano_graphrag_cache_2025-02-20-00:06:14/kv_store_community_reports.json", "JSON", 61, 0, 0, 0, 0, 0, 0, 0, 0, 0, 0, 0, 0, 0, 0, 0, 0, 0, 61
"/Users/vetleforthun/Documents/GitHub/agenticgroking/Agentic-Reasoning/nano-graphrag/nano_graphrag_cache_2025-02-20-00:06:14/kv_store_full_docs.json", "JSON", 5, 0, 0, 0, 0, 0, 0, 0, 0, 0, 0, 0, 0, 0, 0, 0, 0, 0, 5
"/Users/vetleforthun/Documents/GitHub/agenticgroking/Agentic-Reasoning/nano-graphrag/nano_graphrag_cache_2025-02-20-00:06:14/kv_store_llm_response_cache.json", "JSON", 14, 0, 0, 0, 0, 0, 0, 0, 0, 0, 0, 0, 0, 0, 0, 0, 0, 0, 14
"/Users/vetleforthun/Documents/GitHub/agenticgroking/Agentic-Reasoning/nano-graphrag/nano_graphrag_cache_2025-02-20-00:06:14/kv_store_text_chunks.json", "JSON", 8, 0, 0, 0, 0, 0, 0, 0, 0, 0, 0, 0, 0, 0, 0, 0, 0, 0, 8
"/Users/vetleforthun/Documents/GitHub/agenticgroking/Agentic-Reasoning/nano-graphrag/nano_graphrag_cache_2025-02-20-00:06:14/vdb_entities.json", "JSON", 1, 0, 0, 0, 0, 0, 0, 0, 0, 0, 0, 0, 0, 0, 0, 0, 0, 0, 1
"/Users/vetleforthun/Documents/GitHub/agenticgroking/Agentic-Reasoning/nano-graphrag/nano_graphrag_cache_2025-02-20-00:06:43/kv_store_community_reports.json", "JSON", 1, 0, 0, 0, 0, 0, 0, 0, 0, 0, 0, 0, 0, 0, 0, 0, 0, 0, 1
"/Users/vetleforthun/Documents/GitHub/agenticgroking/Agentic-Reasoning/nano-graphrag/nano_graphrag_cache_2025-02-20-00:06:43/kv_store_full_docs.json", "JSON", 1, 0, 0, 0, 0, 0, 0, 0, 0, 0, 0, 0, 0, 0, 0, 0, 0, 0, 1
"/Users/vetleforthun/Documents/GitHub/agenticgroking/Agentic-Reasoning/nano-graphrag/nano_graphrag_cache_2025-02-20-00:06:43/kv_store_llm_response_cache.json", "JSON", 10, 0, 0, 0, 0, 0, 0, 0, 0, 0, 0, 0, 0, 0, 0, 0, 0, 0, 10
"/Users/vetleforthun/Documents/GitHub/agenticgroking/Agentic-Reasoning/nano-graphrag/nano_graphrag_cache_2025-02-20-00:06:43/kv_store_text_chunks.json", "JSON", 1, 0, 0, 0, 0, 0, 0, 0, 0, 0, 0, 0, 0, 0, 0, 0, 0, 0, 1
"/Users/vetleforthun/Documents/GitHub/agenticgroking/Agentic-Reasoning/nano-graphrag/nano_graphrag_cache_2025-02-20-00:06:43/vdb_entities.json", "JSON", 1, 0, 0, 0, 0, 0, 0, 0, 0, 0, 0, 0, 0, 0, 0, 0, 0, 0, 1
"/Users/vetleforthun/Documents/GitHub/agenticgroking/Agentic-Reasoning/nano-graphrag/nano_graphrag_cache_2025-02-20-00:06:47/kv_store_community_reports.json", "JSON", 42, 0, 0, 0, 0, 0, 0, 0, 0, 0, 0, 0, 0, 0, 0, 0, 0, 0, 42
"/Users/vetleforthun/Documents/GitHub/agenticgroking/Agentic-Reasoning/nano-graphrag/nano_graphrag_cache_2025-02-20-00:06:47/kv_store_full_docs.json", "JSON", 5, 0, 0, 0, 0, 0, 0, 0, 0, 0, 0, 0, 0, 0, 0, 0, 0, 0, 5
"/Users/vetleforthun/Documents/GitHub/agenticgroking/Agentic-Reasoning/nano-graphrag/nano_graphrag_cache_2025-02-20-00:06:47/kv_store_llm_response_cache.json", "JSON", 14, 0, 0, 0, 0, 0, 0, 0, 0, 0, 0, 0, 0, 0, 0, 0, 0, 0, 14
"/Users/vetleforthun/Documents/GitHub/agenticgroking/Agentic-Reasoning/nano-graphrag/nano_graphrag_cache_2025-02-20-00:06:47/kv_store_text_chunks.json", "JSON", 8, 0, 0, 0, 0, 0, 0, 0, 0, 0, 0, 0, 0, 0, 0, 0, 0, 0, 8
"/Users/vetleforthun/Documents/GitHub/agenticgroking/Agentic-Reasoning/nano-graphrag/nano_graphrag_cache_2025-02-20-00:06:47/vdb_entities.json", "JSON", 1, 0, 0, 0, 0, 0, 0, 0, 0, 0, 0, 0, 0, 0, 0, 0, 0, 0, 1
"/Users/vetleforthun/Documents/GitHub/agenticgroking/Agentic-Reasoning/nano-graphrag/nano_graphrag_cache_2025-02-20-00:09:02/kv_store_community_reports.json", "JSON", 64, 0, 0, 0, 0, 0, 0, 0, 0, 0, 0, 0, 0, 0, 0, 0, 0, 0, 64
"/Users/vetleforthun/Documents/GitHub/agenticgroking/Agentic-Reasoning/nano-graphrag/nano_graphrag_cache_2025-02-20-00:09:02/kv_store_full_docs.json", "JSON", 5, 0, 0, 0, 0, 0, 0, 0, 0, 0, 0, 0, 0, 0, 0, 0, 0, 0, 5
"/Users/vetleforthun/Documents/GitHub/agenticgroking/Agentic-Reasoning/nano-graphrag/nano_graphrag_cache_2025-02-20-00:09:02/kv_store_llm_response_cache.json", "JSON", 14, 0, 0, 0, 0, 0, 0, 0, 0, 0, 0, 0, 0, 0, 0, 0, 0, 0, 14
"/Users/vetleforthun/Documents/GitHub/agenticgroking/Agentic-Reasoning/nano-graphrag/nano_graphrag_cache_2025-02-20-00:09:02/kv_store_text_chunks.json", "JSON", 8, 0, 0, 0, 0, 0, 0, 0, 0, 0, 0, 0, 0, 0, 0, 0, 0, 0, 8
"/Users/vetleforthun/Documents/GitHub/agenticgroking/Agentic-Reasoning/nano-graphrag/nano_graphrag_cache_2025-02-20-00:09:02/vdb_entities.json", "JSON", 1, 0, 0, 0, 0, 0, 0, 0, 0, 0, 0, 0, 0, 0, 0, 0, 0, 0, 1
"/Users/vetleforthun/Documents/GitHub/agenticgroking/Agentic-Reasoning/nano-graphrag/nano_graphrag_cache_2025-02-20-00:09:30/kv_store_community_reports.json", "JSON", 42, 0, 0, 0, 0, 0, 0, 0, 0, 0, 0, 0, 0, 0, 0, 0, 0, 0, 42
"/Users/vetleforthun/Documents/GitHub/agenticgroking/Agentic-Reasoning/nano-graphrag/nano_graphrag_cache_2025-02-20-00:09:30/kv_store_full_docs.json", "JSON", 5, 0, 0, 0, 0, 0, 0, 0, 0, 0, 0, 0, 0, 0, 0, 0, 0, 0, 5
"/Users/vetleforthun/Documents/GitHub/agenticgroking/Agentic-Reasoning/nano-graphrag/nano_graphrag_cache_2025-02-20-00:09:30/kv_store_llm_response_cache.json", "JSON", 14, 0, 0, 0, 0, 0, 0, 0, 0, 0, 0, 0, 0, 0, 0, 0, 0, 0, 14
"/Users/vetleforthun/Documents/GitHub/agenticgroking/Agentic-Reasoning/nano-graphrag/nano_graphrag_cache_2025-02-20-00:09:30/kv_store_text_chunks.json", "JSON", 8, 0, 0, 0, 0, 0, 0, 0, 0, 0, 0, 0, 0, 0, 0, 0, 0, 0, 8
"/Users/vetleforthun/Documents/GitHub/agenticgroking/Agentic-Reasoning/nano-graphrag/nano_graphrag_cache_2025-02-20-00:09:30/vdb_entities.json", "JSON", 1, 0, 0, 0, 0, 0, 0, 0, 0, 0, 0, 0, 0, 0, 0, 0, 0, 0, 1
"/Users/vetleforthun/Documents/GitHub/agenticgroking/Agentic-Reasoning/nano-graphrag/nano_graphrag_cache_2025-02-20-00:09:44/kv_store_community_reports.json", "JSON", 38, 0, 0, 0, 0, 0, 0, 0, 0, 0, 0, 0, 0, 0, 0, 0, 0, 0, 38
"/Users/vetleforthun/Documents/GitHub/agenticgroking/Agentic-Reasoning/nano-graphrag/nano_graphrag_cache_2025-02-20-00:09:44/kv_store_full_docs.json", "JSON", 5, 0, 0, 0, 0, 0, 0, 0, 0, 0, 0, 0, 0, 0, 0, 0, 0, 0, 5
"/Users/vetleforthun/Documents/GitHub/agenticgroking/Agentic-Reasoning/nano-graphrag/nano_graphrag_cache_2025-02-20-00:09:44/kv_store_llm_response_cache.json", "JSON", 14, 0, 0, 0, 0, 0, 0, 0, 0, 0, 0, 0, 0, 0, 0, 0, 0, 0, 14
"/Users/vetleforthun/Documents/GitHub/agenticgroking/Agentic-Reasoning/nano-graphrag/nano_graphrag_cache_2025-02-20-00:09:44/kv_store_text_chunks.json", "JSON", 8, 0, 0, 0, 0, 0, 0, 0, 0, 0, 0, 0, 0, 0, 0, 0, 0, 0, 8
"/Users/vetleforthun/Documents/GitHub/agenticgroking/Agentic-Reasoning/nano-graphrag/nano_graphrag_cache_2025-02-20-00:09:44/vdb_entities.json", "JSON", 1, 0, 0, 0, 0, 0, 0, 0, 0, 0, 0, 0, 0, 0, 0, 0, 0, 0, 1
"/Users/vetleforthun/Documents/GitHub/agenticgroking/Agentic-Reasoning/nano-graphrag/nano_graphrag_cache_2025-02-20-00:11:06/kv_store_community_reports.json", "JSON", 55, 0, 0, 0, 0, 0, 0, 0, 0, 0, 0, 0, 0, 0, 0, 0, 0, 0, 55
"/Users/vetleforthun/Documents/GitHub/agenticgroking/Agentic-Reasoning/nano-graphrag/nano_graphrag_cache_2025-02-20-00:11:06/kv_store_full_docs.json", "JSON", 5, 0, 0, 0, 0, 0, 0, 0, 0, 0, 0, 0, 0, 0, 0, 0, 0, 0, 5
"/Users/vetleforthun/Documents/GitHub/agenticgroking/Agentic-Reasoning/nano-graphrag/nano_graphrag_cache_2025-02-20-00:11:06/kv_store_llm_response_cache.json", "JSON", 14, 0, 0, 0, 0, 0, 0, 0, 0, 0, 0, 0, 0, 0, 0, 0, 0, 0, 14
"/Users/vetleforthun/Documents/GitHub/agenticgroking/Agentic-Reasoning/nano-graphrag/nano_graphrag_cache_2025-02-20-00:11:06/kv_store_text_chunks.json", "JSON", 8, 0, 0, 0, 0, 0, 0, 0, 0, 0, 0, 0, 0, 0, 0, 0, 0, 0, 8
"/Users/vetleforthun/Documents/GitHub/agenticgroking/Agentic-Reasoning/nano-graphrag/nano_graphrag_cache_2025-02-20-00:11:06/vdb_entities.json", "JSON", 1, 0, 0, 0, 0, 0, 0, 0, 0, 0, 0, 0, 0, 0, 0, 0, 0, 0, 1
"/Users/vetleforthun/Documents/GitHub/agenticgroking/Agentic-Reasoning/nano-graphrag/nano_graphrag_cache_2025-02-20-00:11:33/kv_store_community_reports.json", "JSON", 1, 0, 0, 0, 0, 0, 0, 0, 0, 0, 0, 0, 0, 0, 0, 0, 0, 0, 1
"/Users/vetleforthun/Documents/GitHub/agenticgroking/Agentic-Reasoning/nano-graphrag/nano_graphrag_cache_2025-02-20-00:11:33/kv_store_full_docs.json", "JSON", 1, 0, 0, 0, 0, 0, 0, 0, 0, 0, 0, 0, 0, 0, 0, 0, 0, 0, 1
"/Users/vetleforthun/Documents/GitHub/agenticgroking/Agentic-Reasoning/nano-graphrag/nano_graphrag_cache_2025-02-20-00:11:33/kv_store_llm_response_cache.json", "JSON", 10, 0, 0, 0, 0, 0, 0, 0, 0, 0, 0, 0, 0, 0, 0, 0, 0, 0, 10
"/Users/vetleforthun/Documents/GitHub/agenticgroking/Agentic-Reasoning/nano-graphrag/nano_graphrag_cache_2025-02-20-00:11:33/kv_store_text_chunks.json", "JSON", 1, 0, 0, 0, 0, 0, 0, 0, 0, 0, 0, 0, 0, 0, 0, 0, 0, 0, 1
"/Users/vetleforthun/Documents/GitHub/agenticgroking/Agentic-Reasoning/nano-graphrag/nano_graphrag_cache_2025-02-20-00:11:33/vdb_entities.json", "JSON", 1, 0, 0, 0, 0, 0, 0, 0, 0, 0, 0, 0, 0, 0, 0, 0, 0, 0, 1
"/Users/vetleforthun/Documents/GitHub/agenticgroking/Agentic-Reasoning/nano-graphrag/nano_graphrag_cache_2025-02-20-00:11:36/kv_store_community_reports.json", "JSON", 42, 0, 0, 0, 0, 0, 0, 0, 0, 0, 0, 0, 0, 0, 0, 0, 0, 0, 42
"/Users/vetleforthun/Documents/GitHub/agenticgroking/Agentic-Reasoning/nano-graphrag/nano_graphrag_cache_2025-02-20-00:11:36/kv_store_full_docs.json", "JSON", 5, 0, 0, 0, 0, 0, 0, 0, 0, 0, 0, 0, 0, 0, 0, 0, 0, 0, 5
"/Users/vetleforthun/Documents/GitHub/agenticgroking/Agentic-Reasoning/nano-graphrag/nano_graphrag_cache_2025-02-20-00:11:36/kv_store_llm_response_cache.json", "JSON", 14, 0, 0, 0, 0, 0, 0, 0, 0, 0, 0, 0, 0, 0, 0, 0, 0, 0, 14
"/Users/vetleforthun/Documents/GitHub/agenticgroking/Agentic-Reasoning/nano-graphrag/nano_graphrag_cache_2025-02-20-00:11:36/kv_store_text_chunks.json", "JSON", 8, 0, 0, 0, 0, 0, 0, 0, 0, 0, 0, 0, 0, 0, 0, 0, 0, 0, 8
"/Users/vetleforthun/Documents/GitHub/agenticgroking/Agentic-Reasoning/nano-graphrag/nano_graphrag_cache_2025-02-20-00:11:36/vdb_entities.json", "JSON", 1, 0, 0, 0, 0, 0, 0, 0, 0, 0, 0, 0, 0, 0, 0, 0, 0, 0, 1
"/Users/vetleforthun/Documents/GitHub/agenticgroking/Agentic-Reasoning/nano-graphrag/nano_graphrag_cache_2025-02-20-00:14:52/kv_store_community_reports.json", "JSON", 80, 0, 0, 0, 0, 0, 0, 0, 0, 0, 0, 0, 0, 0, 0, 0, 0, 0, 80
"/Users/vetleforthun/Documents/GitHub/agenticgroking/Agentic-Reasoning/nano-graphrag/nano_graphrag_cache_2025-02-20-00:14:52/kv_store_full_docs.json", "JSON", 5, 0, 0, 0, 0, 0, 0, 0, 0, 0, 0, 0, 0, 0, 0, 0, 0, 0, 5
"/Users/vetleforthun/Documents/GitHub/agenticgroking/Agentic-Reasoning/nano-graphrag/nano_graphrag_cache_2025-02-20-00:14:52/kv_store_llm_response_cache.json", "JSON", 14, 0, 0, 0, 0, 0, 0, 0, 0, 0, 0, 0, 0, 0, 0, 0, 0, 0, 14
"/Users/vetleforthun/Documents/GitHub/agenticgroking/Agentic-Reasoning/nano-graphrag/nano_graphrag_cache_2025-02-20-00:14:52/kv_store_text_chunks.json", "JSON", 8, 0, 0, 0, 0, 0, 0, 0, 0, 0, 0, 0, 0, 0, 0, 0, 0, 0, 8
"/Users/vetleforthun/Documents/GitHub/agenticgroking/Agentic-Reasoning/nano-graphrag/nano_graphrag_cache_2025-02-20-00:14:52/vdb_entities.json", "JSON", 1, 0, 0, 0, 0, 0, 0, 0, 0, 0, 0, 0, 0, 0, 0, 0, 0, 0, 1
"/Users/vetleforthun/Documents/GitHub/agenticgroking/Agentic-Reasoning/nano-graphrag/nano_graphrag_cache_2025-02-20-00:15:30/kv_store_community_reports.json", "JSON", 1, 0, 0, 0, 0, 0, 0, 0, 0, 0, 0, 0, 0, 0, 0, 0, 0, 0, 1
"/Users/vetleforthun/Documents/GitHub/agenticgroking/Agentic-Reasoning/nano-graphrag/nano_graphrag_cache_2025-02-20-00:15:30/kv_store_full_docs.json", "JSON", 1, 0, 0, 0, 0, 0, 0, 0, 0, 0, 0, 0, 0, 0, 0, 0, 0, 0, 1
"/Users/vetleforthun/Documents/GitHub/agenticgroking/Agentic-Reasoning/nano-graphrag/nano_graphrag_cache_2025-02-20-00:15:30/kv_store_llm_response_cache.json", "JSON", 10, 0, 0, 0, 0, 0, 0, 0, 0, 0, 0, 0, 0, 0, 0, 0, 0, 0, 10
"/Users/vetleforthun/Documents/GitHub/agenticgroking/Agentic-Reasoning/nano-graphrag/nano_graphrag_cache_2025-02-20-00:15:30/kv_store_text_chunks.json", "JSON", 1, 0, 0, 0, 0, 0, 0, 0, 0, 0, 0, 0, 0, 0, 0, 0, 0, 0, 1
"/Users/vetleforthun/Documents/GitHub/agenticgroking/Agentic-Reasoning/nano-graphrag/nano_graphrag_cache_2025-02-20-00:15:30/vdb_entities.json", "JSON", 1, 0, 0, 0, 0, 0, 0, 0, 0, 0, 0, 0, 0, 0, 0, 0, 0, 0, 1
"/Users/vetleforthun/Documents/GitHub/agenticgroking/Agentic-Reasoning/nano-graphrag/nano_graphrag_cache_2025-02-20-00:15:34/kv_store_community_reports.json", "JSON", 42, 0, 0, 0, 0, 0, 0, 0, 0, 0, 0, 0, 0, 0, 0, 0, 0, 0, 42
"/Users/vetleforthun/Documents/GitHub/agenticgroking/Agentic-Reasoning/nano-graphrag/nano_graphrag_cache_2025-02-20-00:15:34/kv_store_full_docs.json", "JSON", 5, 0, 0, 0, 0, 0, 0, 0, 0, 0, 0, 0, 0, 0, 0, 0, 0, 0, 5
"/Users/vetleforthun/Documents/GitHub/agenticgroking/Agentic-Reasoning/nano-graphrag/nano_graphrag_cache_2025-02-20-00:15:34/kv_store_llm_response_cache.json", "JSON", 14, 0, 0, 0, 0, 0, 0, 0, 0, 0, 0, 0, 0, 0, 0, 0, 0, 0, 14
"/Users/vetleforthun/Documents/GitHub/agenticgroking/Agentic-Reasoning/nano-graphrag/nano_graphrag_cache_2025-02-20-00:15:34/kv_store_text_chunks.json", "JSON", 8, 0, 0, 0, 0, 0, 0, 0, 0, 0, 0, 0, 0, 0, 0, 0, 0, 0, 8
"/Users/vetleforthun/Documents/GitHub/agenticgroking/Agentic-Reasoning/nano-graphrag/nano_graphrag_cache_2025-02-20-00:15:34/vdb_entities.json", "JSON", 1, 0, 0, 0, 0, 0, 0, 0, 0, 0, 0, 0, 0, 0, 0, 0, 0, 0, 1
"/Users/vetleforthun/Documents/GitHub/agenticgroking/Agentic-Reasoning/nano-graphrag/nano_graphrag_cache_2025-02-20-00:19:29/kv_store_community_reports.json", "JSON", 52, 0, 0, 0, 0, 0, 0, 0, 0, 0, 0, 0, 0, 0, 0, 0, 0, 0, 52
"/Users/vetleforthun/Documents/GitHub/agenticgroking/Agentic-Reasoning/nano-graphrag/nano_graphrag_cache_2025-02-20-00:19:29/kv_store_full_docs.json", "JSON", 5, 0, 0, 0, 0, 0, 0, 0, 0, 0, 0, 0, 0, 0, 0, 0, 0, 0, 5
"/Users/vetleforthun/Documents/GitHub/agenticgroking/Agentic-Reasoning/nano-graphrag/nano_graphrag_cache_2025-02-20-00:19:29/kv_store_llm_response_cache.json", "JSON", 14, 0, 0, 0, 0, 0, 0, 0, 0, 0, 0, 0, 0, 0, 0, 0, 0, 0, 14
"/Users/vetleforthun/Documents/GitHub/agenticgroking/Agentic-Reasoning/nano-graphrag/nano_graphrag_cache_2025-02-20-00:19:29/kv_store_text_chunks.json", "JSON", 8, 0, 0, 0, 0, 0, 0, 0, 0, 0, 0, 0, 0, 0, 0, 0, 0, 0, 8
"/Users/vetleforthun/Documents/GitHub/agenticgroking/Agentic-Reasoning/nano-graphrag/nano_graphrag_cache_2025-02-20-00:19:29/vdb_entities.json", "JSON", 1, 0, 0, 0, 0, 0, 0, 0, 0, 0, 0, 0, 0, 0, 0, 0, 0, 0, 1
"/Users/vetleforthun/Documents/GitHub/agenticgroking/Agentic-Reasoning/nano-graphrag/nano_graphrag_cache_2025-02-20-00:19:51/kv_store_community_reports.json", "JSON", 42, 0, 0, 0, 0, 0, 0, 0, 0, 0, 0, 0, 0, 0, 0, 0, 0, 0, 42
"/Users/vetleforthun/Documents/GitHub/agenticgroking/Agentic-Reasoning/nano-graphrag/nano_graphrag_cache_2025-02-20-00:19:51/kv_store_full_docs.json", "JSON", 5, 0, 0, 0, 0, 0, 0, 0, 0, 0, 0, 0, 0, 0, 0, 0, 0, 0, 5
"/Users/vetleforthun/Documents/GitHub/agenticgroking/Agentic-Reasoning/nano-graphrag/nano_graphrag_cache_2025-02-20-00:19:51/kv_store_llm_response_cache.json", "JSON", 14, 0, 0, 0, 0, 0, 0, 0, 0, 0, 0, 0, 0, 0, 0, 0, 0, 0, 14
"/Users/vetleforthun/Documents/GitHub/agenticgroking/Agentic-Reasoning/nano-graphrag/nano_graphrag_cache_2025-02-20-00:19:51/kv_store_text_chunks.json", "JSON", 8, 0, 0, 0, 0, 0, 0, 0, 0, 0, 0, 0, 0, 0, 0, 0, 0, 0, 8
"/Users/vetleforthun/Documents/GitHub/agenticgroking/Agentic-Reasoning/nano-graphrag/nano_graphrag_cache_2025-02-20-00:19:51/vdb_entities.json", "JSON", 1, 0, 0, 0, 0, 0, 0, 0, 0, 0, 0, 0, 0, 0, 0, 0, 0, 0, 1
"/Users/vetleforthun/Documents/GitHub/agenticgroking/Agentic-Reasoning/nano-graphrag/nano_graphrag_cache_2025-02-20-00:20:20/kv_store_community_reports.json", "JSON", 42, 0, 0, 0, 0, 0, 0, 0, 0, 0, 0, 0, 0, 0, 0, 0, 0, 0, 42
"/Users/vetleforthun/Documents/GitHub/agenticgroking/Agentic-Reasoning/nano-graphrag/nano_graphrag_cache_2025-02-20-00:20:20/kv_store_full_docs.json", "JSON", 5, 0, 0, 0, 0, 0, 0, 0, 0, 0, 0, 0, 0, 0, 0, 0, 0, 0, 5
"/Users/vetleforthun/Documents/GitHub/agenticgroking/Agentic-Reasoning/nano-graphrag/nano_graphrag_cache_2025-02-20-00:20:20/kv_store_llm_response_cache.json", "JSON", 14, 0, 0, 0, 0, 0, 0, 0, 0, 0, 0, 0, 0, 0, 0, 0, 0, 0, 14
"/Users/vetleforthun/Documents/GitHub/agenticgroking/Agentic-Reasoning/nano-graphrag/nano_graphrag_cache_2025-02-20-00:20:20/kv_store_text_chunks.json", "JSON", 8, 0, 0, 0, 0, 0, 0, 0, 0, 0, 0, 0, 0, 0, 0, 0, 0, 0, 8
"/Users/vetleforthun/Documents/GitHub/agenticgroking/Agentic-Reasoning/nano-graphrag/nano_graphrag_cache_2025-02-20-00:20:20/vdb_entities.json", "JSON", 1, 0, 0, 0, 0, 0, 0, 0, 0, 0, 0, 0, 0, 0, 0, 0, 0, 0, 1
"/Users/vetleforthun/Documents/GitHub/agenticgroking/Agentic-Reasoning/nano-graphrag/nano_graphrag_cache_2025-02-20-00:21:45/kv_store_community_reports.json", "JSON", 134, 0, 0, 0, 0, 0, 0, 0, 0, 0, 0, 0, 0, 0, 0, 0, 0, 0, 134
"/Users/vetleforthun/Documents/GitHub/agenticgroking/Agentic-Reasoning/nano-graphrag/nano_graphrag_cache_2025-02-20-00:21:45/kv_store_full_docs.json", "JSON", 5, 0, 0, 0, 0, 0, 0, 0, 0, 0, 0, 0, 0, 0, 0, 0, 0, 0, 5
"/Users/vetleforthun/Documents/GitHub/agenticgroking/Agentic-Reasoning/nano-graphrag/nano_graphrag_cache_2025-02-20-00:21:45/kv_store_llm_response_cache.json", "JSON", 18, 0, 0, 0, 0, 0, 0, 0, 0, 0, 0, 0, 0, 0, 0, 0, 0, 0, 18
"/Users/vetleforthun/Documents/GitHub/agenticgroking/Agentic-Reasoning/nano-graphrag/nano_graphrag_cache_2025-02-20-00:21:45/kv_store_text_chunks.json", "JSON", 8, 0, 0, 0, 0, 0, 0, 0, 0, 0, 0, 0, 0, 0, 0, 0, 0, 0, 8
"/Users/vetleforthun/Documents/GitHub/agenticgroking/Agentic-Reasoning/nano-graphrag/nano_graphrag_cache_2025-02-20-00:21:45/vdb_entities.json", "JSON", 1, 0, 0, 0, 0, 0, 0, 0, 0, 0, 0, 0, 0, 0, 0, 0, 0, 0, 1
"/Users/vetleforthun/Documents/GitHub/agenticgroking/Agentic-Reasoning/nano-graphrag/nano_graphrag_cache_2025-02-20-00:22:30/kv_store_community_reports.json", "JSON", 38, 0, 0, 0, 0, 0, 0, 0, 0, 0, 0, 0, 0, 0, 0, 0, 0, 0, 38
"/Users/vetleforthun/Documents/GitHub/agenticgroking/Agentic-Reasoning/nano-graphrag/nano_graphrag_cache_2025-02-20-00:22:30/kv_store_full_docs.json", "JSON", 5, 0, 0, 0, 0, 0, 0, 0, 0, 0, 0, 0, 0, 0, 0, 0, 0, 0, 5
"/Users/vetleforthun/Documents/GitHub/agenticgroking/Agentic-Reasoning/nano-graphrag/nano_graphrag_cache_2025-02-20-00:22:30/kv_store_llm_response_cache.json", "JSON", 14, 0, 0, 0, 0, 0, 0, 0, 0, 0, 0, 0, 0, 0, 0, 0, 0, 0, 14
"/Users/vetleforthun/Documents/GitHub/agenticgroking/Agentic-Reasoning/nano-graphrag/nano_graphrag_cache_2025-02-20-00:22:30/kv_store_text_chunks.json", "JSON", 8, 0, 0, 0, 0, 0, 0, 0, 0, 0, 0, 0, 0, 0, 0, 0, 0, 0, 8
"/Users/vetleforthun/Documents/GitHub/agenticgroking/Agentic-Reasoning/nano-graphrag/nano_graphrag_cache_2025-02-20-00:22:30/vdb_entities.json", "JSON", 1, 0, 0, 0, 0, 0, 0, 0, 0, 0, 0, 0, 0, 0, 0, 0, 0, 0, 1
"/Users/vetleforthun/Documents/GitHub/agenticgroking/Agentic-Reasoning/nano-graphrag/nano_graphrag_cache_2025-02-20-00:22:42/kv_store_community_reports.json", "JSON", 51, 0, 0, 0, 0, 0, 0, 0, 0, 0, 0, 0, 0, 0, 0, 0, 0, 0, 51
"/Users/vetleforthun/Documents/GitHub/agenticgroking/Agentic-Reasoning/nano-graphrag/nano_graphrag_cache_2025-02-20-00:22:42/kv_store_full_docs.json", "JSON", 5, 0, 0, 0, 0, 0, 0, 0, 0, 0, 0, 0, 0, 0, 0, 0, 0, 0, 5
"/Users/vetleforthun/Documents/GitHub/agenticgroking/Agentic-Reasoning/nano-graphrag/nano_graphrag_cache_2025-02-20-00:22:42/kv_store_llm_response_cache.json", "JSON", 14, 0, 0, 0, 0, 0, 0, 0, 0, 0, 0, 0, 0, 0, 0, 0, 0, 0, 14
"/Users/vetleforthun/Documents/GitHub/agenticgroking/Agentic-Reasoning/nano-graphrag/nano_graphrag_cache_2025-02-20-00:22:42/kv_store_text_chunks.json", "JSON", 8, 0, 0, 0, 0, 0, 0, 0, 0, 0, 0, 0, 0, 0, 0, 0, 0, 0, 8
"/Users/vetleforthun/Documents/GitHub/agenticgroking/Agentic-Reasoning/nano-graphrag/nano_graphrag_cache_2025-02-20-00:22:42/vdb_entities.json", "JSON", 1, 0, 0, 0, 0, 0, 0, 0, 0, 0, 0, 0, 0, 0, 0, 0, 0, 0, 1
"/Users/vetleforthun/Documents/GitHub/agenticgroking/Agentic-Reasoning/nano-graphrag/nano_graphrag_cache_2025-02-21-03:18:45/kv_store_community_reports.json", "JSON", 68, 0, 0, 0, 0, 0, 0, 0, 0, 0, 0, 0, 0, 0, 0, 0, 0, 0, 68
"/Users/vetleforthun/Documents/GitHub/agenticgroking/Agentic-Reasoning/nano-graphrag/nano_graphrag_cache_2025-02-21-03:18:45/kv_store_full_docs.json", "JSON", 5, 0, 0, 0, 0, 0, 0, 0, 0, 0, 0, 0, 0, 0, 0, 0, 0, 0, 5
"/Users/vetleforthun/Documents/GitHub/agenticgroking/Agentic-Reasoning/nano-graphrag/nano_graphrag_cache_2025-02-21-03:18:45/kv_store_llm_response_cache.json", "JSON", 14, 0, 0, 0, 0, 0, 0, 0, 0, 0, 0, 0, 0, 0, 0, 0, 0, 0, 14
"/Users/vetleforthun/Documents/GitHub/agenticgroking/Agentic-Reasoning/nano-graphrag/nano_graphrag_cache_2025-02-21-03:18:45/kv_store_text_chunks.json", "JSON", 8, 0, 0, 0, 0, 0, 0, 0, 0, 0, 0, 0, 0, 0, 0, 0, 0, 0, 8
"/Users/vetleforthun/Documents/GitHub/agenticgroking/Agentic-Reasoning/nano-graphrag/nano_graphrag_cache_2025-02-21-03:18:45/vdb_entities.json", "JSON", 1, 0, 0, 0, 0, 0, 0, 0, 0, 0, 0, 0, 0, 0, 0, 0, 0, 0, 1
"/Users/vetleforthun/Documents/GitHub/agenticgroking/Agentic-Reasoning/nano-graphrag/nano_graphrag_cache_2025-02-21-03:19:07/kv_store_community_reports.json", "JSON", 1, 0, 0, 0, 0, 0, 0, 0, 0, 0, 0, 0, 0, 0, 0, 0, 0, 0, 1
"/Users/vetleforthun/Documents/GitHub/agenticgroking/Agentic-Reasoning/nano-graphrag/nano_graphrag_cache_2025-02-21-03:19:07/kv_store_full_docs.json", "JSON", 1, 0, 0, 0, 0, 0, 0, 0, 0, 0, 0, 0, 0, 0, 0, 0, 0, 0, 1
"/Users/vetleforthun/Documents/GitHub/agenticgroking/Agentic-Reasoning/nano-graphrag/nano_graphrag_cache_2025-02-21-03:19:07/kv_store_llm_response_cache.json", "JSON", 10, 0, 0, 0, 0, 0, 0, 0, 0, 0, 0, 0, 0, 0, 0, 0, 0, 0, 10
"/Users/vetleforthun/Documents/GitHub/agenticgroking/Agentic-Reasoning/nano-graphrag/nano_graphrag_cache_2025-02-21-03:19:07/kv_store_text_chunks.json", "JSON", 1, 0, 0, 0, 0, 0, 0, 0, 0, 0, 0, 0, 0, 0, 0, 0, 0, 0, 1
"/Users/vetleforthun/Documents/GitHub/agenticgroking/Agentic-Reasoning/nano-graphrag/nano_graphrag_cache_2025-02-21-03:19:07/vdb_entities.json", "JSON", 1, 0, 0, 0, 0, 0, 0, 0, 0, 0, 0, 0, 0, 0, 0, 0, 0, 0, 1
"/Users/vetleforthun/Documents/GitHub/agenticgroking/Agentic-Reasoning/nano-graphrag/nano_graphrag_cache_2025-02-21-03:19:10/kv_store_community_reports.json", "JSON", 42, 0, 0, 0, 0, 0, 0, 0, 0, 0, 0, 0, 0, 0, 0, 0, 0, 0, 42
"/Users/vetleforthun/Documents/GitHub/agenticgroking/Agentic-Reasoning/nano-graphrag/nano_graphrag_cache_2025-02-21-03:19:10/kv_store_full_docs.json", "JSON", 5, 0, 0, 0, 0, 0, 0, 0, 0, 0, 0, 0, 0, 0, 0, 0, 0, 0, 5
"/Users/vetleforthun/Documents/GitHub/agenticgroking/Agentic-Reasoning/nano-graphrag/nano_graphrag_cache_2025-02-21-03:19:10/kv_store_llm_response_cache.json", "JSON", 14, 0, 0, 0, 0, 0, 0, 0, 0, 0, 0, 0, 0, 0, 0, 0, 0, 0, 14
"/Users/vetleforthun/Documents/GitHub/agenticgroking/Agentic-Reasoning/nano-graphrag/nano_graphrag_cache_2025-02-21-03:19:10/kv_store_text_chunks.json", "JSON", 8, 0, 0, 0, 0, 0, 0, 0, 0, 0, 0, 0, 0, 0, 0, 0, 0, 0, 8
"/Users/vetleforthun/Documents/GitHub/agenticgroking/Agentic-Reasoning/nano-graphrag/nano_graphrag_cache_2025-02-21-03:19:10/vdb_entities.json", "JSON", 1, 0, 0, 0, 0, 0, 0, 0, 0, 0, 0, 0, 0, 0, 0, 0, 0, 0, 1
"/Users/vetleforthun/Documents/GitHub/agenticgroking/Agentic-Reasoning/nano-graphrag/nano_graphrag_cache_2025-02-21-04:06:36/kv_store_community_reports.json", "JSON", 64, 0, 0, 0, 0, 0, 0, 0, 0, 0, 0, 0, 0, 0, 0, 0, 0, 0, 64
"/Users/vetleforthun/Documents/GitHub/agenticgroking/Agentic-Reasoning/nano-graphrag/nano_graphrag_cache_2025-02-21-04:06:36/kv_store_full_docs.json", "JSON", 5, 0, 0, 0, 0, 0, 0, 0, 0, 0, 0, 0, 0, 0, 0, 0, 0, 0, 5
"/Users/vetleforthun/Documents/GitHub/agenticgroking/Agentic-Reasoning/nano-graphrag/nano_graphrag_cache_2025-02-21-04:06:36/kv_store_llm_response_cache.json", "JSON", 14, 0, 0, 0, 0, 0, 0, 0, 0, 0, 0, 0, 0, 0, 0, 0, 0, 0, 14
"/Users/vetleforthun/Documents/GitHub/agenticgroking/Agentic-Reasoning/nano-graphrag/nano_graphrag_cache_2025-02-21-04:06:36/kv_store_text_chunks.json", "JSON", 8, 0, 0, 0, 0, 0, 0, 0, 0, 0, 0, 0, 0, 0, 0, 0, 0, 0, 8
"/Users/vetleforthun/Documents/GitHub/agenticgroking/Agentic-Reasoning/nano-graphrag/nano_graphrag_cache_2025-02-21-04:06:36/vdb_entities.json", "JSON", 1, 0, 0, 0, 0, 0, 0, 0, 0, 0, 0, 0, 0, 0, 0, 0, 0, 0, 1
"/Users/vetleforthun/Documents/GitHub/agenticgroking/Agentic-Reasoning/nano-graphrag/nano_graphrag_cache_2025-02-21-04:06:54/kv_store_community_reports.json", "JSON", 1, 0, 0, 0, 0, 0, 0, 0, 0, 0, 0, 0, 0, 0, 0, 0, 0, 0, 1
"/Users/vetleforthun/Documents/GitHub/agenticgroking/Agentic-Reasoning/nano-graphrag/nano_graphrag_cache_2025-02-21-04:06:54/kv_store_full_docs.json", "JSON", 1, 0, 0, 0, 0, 0, 0, 0, 0, 0, 0, 0, 0, 0, 0, 0, 0, 0, 1
"/Users/vetleforthun/Documents/GitHub/agenticgroking/Agentic-Reasoning/nano-graphrag/nano_graphrag_cache_2025-02-21-04:06:54/kv_store_llm_response_cache.json", "JSON", 10, 0, 0, 0, 0, 0, 0, 0, 0, 0, 0, 0, 0, 0, 0, 0, 0, 0, 10
"/Users/vetleforthun/Documents/GitHub/agenticgroking/Agentic-Reasoning/nano-graphrag/nano_graphrag_cache_2025-02-21-04:06:54/kv_store_text_chunks.json", "JSON", 1, 0, 0, 0, 0, 0, 0, 0, 0, 0, 0, 0, 0, 0, 0, 0, 0, 0, 1
"/Users/vetleforthun/Documents/GitHub/agenticgroking/Agentic-Reasoning/nano-graphrag/nano_graphrag_cache_2025-02-21-04:06:54/vdb_entities.json", "JSON", 1, 0, 0, 0, 0, 0, 0, 0, 0, 0, 0, 0, 0, 0, 0, 0, 0, 0, 1
"/Users/vetleforthun/Documents/GitHub/agenticgroking/Agentic-Reasoning/nano-graphrag/nano_graphrag_cache_2025-02-21-04:06:59/kv_store_community_reports.json", "JSON", 50, 0, 0, 0, 0, 0, 0, 0, 0, 0, 0, 0, 0, 0, 0, 0, 0, 0, 50
"/Users/vetleforthun/Documents/GitHub/agenticgroking/Agentic-Reasoning/nano-graphrag/nano_graphrag_cache_2025-02-21-04:06:59/kv_store_full_docs.json", "JSON", 5, 0, 0, 0, 0, 0, 0, 0, 0, 0, 0, 0, 0, 0, 0, 0, 0, 0, 5
"/Users/vetleforthun/Documents/GitHub/agenticgroking/Agentic-Reasoning/nano-graphrag/nano_graphrag_cache_2025-02-21-04:06:59/kv_store_llm_response_cache.json", "JSON", 14, 0, 0, 0, 0, 0, 0, 0, 0, 0, 0, 0, 0, 0, 0, 0, 0, 0, 14
"/Users/vetleforthun/Documents/GitHub/agenticgroking/Agentic-Reasoning/nano-graphrag/nano_graphrag_cache_2025-02-21-04:06:59/kv_store_text_chunks.json", "JSON", 8, 0, 0, 0, 0, 0, 0, 0, 0, 0, 0, 0, 0, 0, 0, 0, 0, 0, 8
"/Users/vetleforthun/Documents/GitHub/agenticgroking/Agentic-Reasoning/nano-graphrag/nano_graphrag_cache_2025-02-21-04:06:59/vdb_entities.json", "JSON", 1, 0, 0, 0, 0, 0, 0, 0, 0, 0, 0, 0, 0, 0, 0, 0, 0, 0, 1
"/Users/vetleforthun/Documents/GitHub/agenticgroking/Agentic-Reasoning/nano-graphrag/readme.md", "Markdown", 0, 0, 269, 0, 0, 0, 0, 0, 0, 0, 0, 0, 0, 0, 0, 0, 0, 149, 418
"/Users/vetleforthun/Documents/GitHub/agenticgroking/Agentic-Reasoning/nano-graphrag/setup.py", "Python", 0, 35, 0, 0, 0, 0, 0, 0, 0, 0, 0, 0, 0, 0, 0, 0, 0, 6, 41
"/Users/vetleforthun/Documents/GitHub/agenticgroking/Agentic-Reasoning/nano-graphrag/tests/__init__.py", "Python", 0, 4, 0, 0, 0, 0, 0, 0, 0, 0, 0, 0, 0, 0, 0, 0, 0, 2, 6
"/Users/vetleforthun/Documents/GitHub/agenticgroking/Agentic-Reasoning/nano-graphrag/tests/entity_extraction/__init__.py", "Python", 0, 0, 0, 0, 0, 0, 0, 0, 0, 0, 0, 0, 0, 0, 0, 0, 0, 1, 1
"/Users/vetleforthun/Documents/GitHub/agenticgroking/Agentic-Reasoning/nano-graphrag/tests/entity_extraction/test_extract.py", "Python", 0, 201, 0, 0, 0, 0, 0, 0, 0, 0, 0, 0, 0, 0, 0, 0, 1, 57, 259
"/Users/vetleforthun/Documents/GitHub/agenticgroking/Agentic-Reasoning/nano-graphrag/tests/entity_extraction/test_metric.py", "Python", 0, 107, 0, 0, 0, 0, 0, 0, 0, 0, 0, 0, 0, 0, 0, 0, 0, 33, 140
"/Users/vetleforthun/Documents/GitHub/agenticgroking/Agentic-Reasoning/nano-graphrag/tests/entity_extraction/test_module.py", "Python", 0, 58, 0, 0, 0, 0, 0, 0, 0, 0, 0, 0, 0, 0, 0, 0, 0, 14, 72
"/Users/vetleforthun/Documents/GitHub/agenticgroking/Agentic-Reasoning/nano-graphrag/tests/fixtures/mock_cache.json", "JSON", 750, 0, 0, 0, 0, 0, 0, 0, 0, 0, 0, 0, 0, 0, 0, 0, 0, 0, 750
"/Users/vetleforthun/Documents/GitHub/agenticgroking/Agentic-Reasoning/nano-graphrag/tests/test_graphrag.py", "Python", 0, 88, 0, 0, 0, 0, 0, 0, 0, 0, 0, 0, 0, 0, 0, 0, 21, 27, 136
"/Users/vetleforthun/Documents/GitHub/agenticgroking/Agentic-Reasoning/nano-graphrag/tests/test_hnsw_vector_storage.py", "Python", 0, 226, 0, 0, 0, 0, 0, 0, 0, 0, 0, 0, 0, 0, 0, 0, 0, 62, 288
"/Users/vetleforthun/Documents/GitHub/agenticgroking/Agentic-Reasoning/nano-graphrag/tests/test_json_parsing.py", "Python", 0, 120, 0, 0, 0, 0, 0, 0, 0, 0, 0, 0, 0, 0, 0, 0, 1, 10, 131
"/Users/vetleforthun/Documents/GitHub/agenticgroking/Agentic-Reasoning/nano-graphrag/tests/test_neo4j_storage.py", "Python", 0, 161, 0, 0, 0, 0, 0, 0, 0, 0, 0, 0, 0, 0, 0, 0, 0, 50, 211
"/Users/vetleforthun/Documents/GitHub/agenticgroking/Agentic-Reasoning/nano-graphrag/tests/test_networkx_storage.py", "Python", 0, 281, 0, 0, 0, 0, 0, 0, 0, 0, 0, 0, 0, 0, 0, 0, 1, 96, 378
"/Users/vetleforthun/Documents/GitHub/agenticgroking/Agentic-Reasoning/nano-graphrag/tests/test_o.py", "Python", 0, 31, 0, 0, 0, 0, 0, 0, 0, 0, 0, 0, 0, 0, 0, 0, 3, 4, 38
"/Users/vetleforthun/Documents/GitHub/agenticgroking/Agentic-Reasoning/nano-graphrag/tests/test_openai.py", "Python", 0, 98, 0, 0, 0, 0, 0, 0, 0, 0, 0, 0, 0, 0, 0, 0, 2, 33, 133
"/Users/vetleforthun/Documents/GitHub/agenticgroking/Agentic-Reasoning/nano-graphrag/tests/test_rag.py", "Python", 0, 79, 0, 0, 0, 0, 0, 0, 0, 0, 0, 0, 0, 0, 0, 0, 3, 22, 104
"/Users/vetleforthun/Documents/GitHub/agenticgroking/Agentic-Reasoning/nano-graphrag/tests/test_splitter.py", "Python", 0, 60, 0, 0, 0, 0, 0, 0, 0, 0, 0, 0, 0, 0, 0, 0, 1, 12, 73
"/Users/vetleforthun/Documents/GitHub/agenticgroking/Agentic-Reasoning/package-lock.json", "JSON", 6, 0, 0, 0, 0, 0, 0, 0, 0, 0, 0, 0, 0, 0, 0, 0, 0, 1, 7
"/Users/vetleforthun/Documents/GitHub/agenticgroking/Agentic-Reasoning/pytest.ini", "Ini", 0, 0, 0, 0, 0, 0, 0, 0, 3, 0, 0, 0, 0, 0, 0, 0, 0, 0, 3
"/Users/vetleforthun/Documents/GitHub/agenticgroking/Agentic-Reasoning/requirements.txt", "pip requirements", 0, 0, 0, 0, 0, 0, 0, 0, 0, 16, 0, 0, 0, 0, 0, 0, 1, 1, 18
"/Users/vetleforthun/Documents/GitHub/agenticgroking/Agentic-Reasoning/scripts/__init__.py", "Python", 0, 0, 0, 0, 0, 0, 0, 0, 0, 0, 0, 0, 0, 0, 0, 0, 1, 0, 1
"/Users/vetleforthun/Documents/GitHub/agenticgroking/Agentic-Reasoning/scripts/agentic_ds.py", "Python", 0, 48, 0, 0, 0, 0, 0, 0, 0, 0, 0, 0, 0, 0, 0, 0, 9, 15, 72
"/Users/vetleforthun/Documents/GitHub/agenticgroking/Agentic-Reasoning/scripts/agentic_reason/__init__.py", "Python", 0, 0, 0, 0, 0, 0, 0, 0, 0, 0, 0, 0, 0, 0, 0, 0, 0, 1, 1
"/Users/vetleforthun/Documents/GitHub/agenticgroking/Agentic-Reasoning/scripts/agentic_reason/cache.py", "Python", 0, 22, 0, 0, 0, 0, 0, 0, 0, 0, 0, 0, 0, 0, 0, 0, 0, 4, 26
"/Users/vetleforthun/Documents/GitHub/agenticgroking/Agentic-Reasoning/scripts/agentic_reason/config.py", "Python", 0, 146, 0, 0, 0, 0, 0, 0, 0, 0, 0, 0, 0, 0, 0, 0, 7, 25, 178
"/Users/vetleforthun/Documents/GitHub/agenticgroking/Agentic-Reasoning/scripts/agentic_reason/context_manager.py", "Python", 0, 66, 0, 0, 0, 0, 0, 0, 0, 0, 0, 0, 0, 0, 0, 0, 4, 14, 84
"/Users/vetleforthun/Documents/GitHub/agenticgroking/Agentic-Reasoning/scripts/agentic_reason/data_loader.py", "Python", 0, 65, 0, 0, 0, 0, 0, 0, 0, 0, 0, 0, 0, 0, 0, 0, 5, 10, 80
"/Users/vetleforthun/Documents/GitHub/agenticgroking/Agentic-Reasoning/scripts/agentic_reason/generation.py", "Python", 0, 113, 0, 0, 0, 0, 0, 0, 0, 0, 0, 0, 0, 0, 0, 0, 4, 17, 134
"/Users/vetleforthun/Documents/GitHub/agenticgroking/Agentic-Reasoning/scripts/agentic_reason/knowledge_synthesizer.py", "Python", 0, 52, 0, 0, 0, 0, 0, 0, 0, 0, 0, 0, 0, 0, 0, 0, 3, 11, 66
"/Users/vetleforthun/Documents/GitHub/agenticgroking/Agentic-Reasoning/scripts/agentic_reason/models.py", "Python", 0, 47, 0, 0, 0, 0, 0, 0, 0, 0, 0, 0, 0, 0, 0, 0, 2, 7, 56
"/Users/vetleforthun/Documents/GitHub/agenticgroking/Agentic-Reasoning/scripts/agentic_reason/prompt_manager.py", "Python", 0, 114, 0, 0, 0, 0, 0, 0, 0, 0, 0, 0, 0, 0, 0, 0, 1, 18, 133
"/Users/vetleforthun/Documents/GitHub/agenticgroking/Agentic-Reasoning/scripts/agentic_reason/reasoning_validator.py", "Python", 0, 63, 0, 0, 0, 0, 0, 0, 0, 0, 0, 0, 0, 0, 0, 0, 4, 11, 78
"/Users/vetleforthun/Documents/GitHub/agenticgroking/Agentic-Reasoning/scripts/agentic_reason/search.py", "Python", 0, 133, 0, 0, 0, 0, 0, 0, 0, 0, 0, 0, 0, 0, 0, 0, 5, 22, 160
"/Users/vetleforthun/Documents/GitHub/agenticgroking/Agentic-Reasoning/scripts/agentic_reason/utils.py", "Python", 0, 106, 0, 0, 0, 0, 0, 0, 0, 0, 0, 0, 0, 0, 0, 0, 35, 31, 172
"/Users/vetleforthun/Documents/GitHub/agenticgroking/Agentic-Reasoning/scripts/evaluate.py", "Python", 0, 467, 0, 0, 0, 0, 0, 0, 0, 0, 0, 0, 0, 0, 0, 0, 54, 82, 603
"/Users/vetleforthun/Documents/GitHub/agenticgroking/Agentic-Reasoning/scripts/github_upload.py", "Python", 0, 77, 0, 0, 0, 0, 0, 0, 0, 0, 0, 0, 0, 0, 0, 0, 16, 24, 117
"/Users/vetleforthun/Documents/GitHub/agenticgroking/Agentic-Reasoning/scripts/lcb_runner/benchmarks/__init__.py", "Python", 0, 13, 0, 0, 0, 0, 0, 0, 0, 0, 0, 0, 0, 0, 0, 0, 0, 1, 14
"/Users/vetleforthun/Documents/GitHub/agenticgroking/Agentic-Reasoning/scripts/lcb_runner/benchmarks/code_execution.py", "Python", 0, 56, 0, 0, 0, 0, 0, 0, 0, 0, 0, 0, 0, 0, 0, 0, 0, 12, 68
"/Users/vetleforthun/Documents/GitHub/agenticgroking/Agentic-Reasoning/scripts/lcb_runner/benchmarks/code_generation.py", "Python", 0, 111, 0, 0, 0, 0, 0, 0, 0, 0, 0, 0, 0, 0, 0, 0, 3, 26, 140
"/Users/vetleforthun/Documents/GitHub/agenticgroking/Agentic-Reasoning/scripts/lcb_runner/evaluation/__init__.py", "Python", 0, 6, 0, 0, 0, 0, 0, 0, 0, 0, 0, 0, 0, 0, 0, 0, 0, 1, 7
"/Users/vetleforthun/Documents/GitHub/agenticgroking/Agentic-Reasoning/scripts/lcb_runner/evaluation/compute_code_execution_metrics.py", "Python", 0, 40, 0, 0, 0, 0, 0, 0, 0, 0, 0, 0, 0, 0, 0, 0, 8, 9, 57
"/Users/vetleforthun/Documents/GitHub/agenticgroking/Agentic-Reasoning/scripts/lcb_runner/evaluation/compute_code_generation_metrics.py", "Python", 0, 170, 0, 0, 0, 0, 0, 0, 0, 0, 0, 0, 0, 0, 0, 0, 6, 35, 211
"/Users/vetleforthun/Documents/GitHub/agenticgroking/Agentic-Reasoning/scripts/lcb_runner/evaluation/compute_scores.py", "Python", 0, 128, 0, 0, 0, 0, 0, 0, 0, 0, 0, 0, 0, 0, 0, 0, 3, 25, 156
"/Users/vetleforthun/Documents/GitHub/agenticgroking/Agentic-Reasoning/scripts/lcb_runner/evaluation/compute_test_output_prediction_metrics.py", "Python", 0, 71, 0, 0, 0, 0, 0, 0, 0, 0, 0, 0, 0, 0, 0, 0, 3, 27, 101
"/Users/vetleforthun/Documents/GitHub/agenticgroking/Agentic-Reasoning/scripts/lcb_runner/evaluation/old_results_check.py", "Python", 0, 50, 0, 0, 0, 0, 0, 0, 0, 0, 0, 0, 0, 0, 0, 0, 4, 20, 74
"/Users/vetleforthun/Documents/GitHub/agenticgroking/Agentic-Reasoning/scripts/lcb_runner/evaluation/pass_k_utils.py", "Python", 0, 55, 0, 0, 0, 0, 0, 0, 0, 0, 0, 0, 0, 0, 0, 0, 0, 12, 67
"/Users/vetleforthun/Documents/GitHub/agenticgroking/Agentic-Reasoning/scripts/lcb_runner/evaluation/utils_execute.py", "Python", 0, 192, 0, 0, 0, 0, 0, 0, 0, 0, 0, 0, 0, 0, 0, 0, 21, 54, 267
"/Users/vetleforthun/Documents/GitHub/agenticgroking/Agentic-Reasoning/scripts/lcb_runner/lm_styles.py", "Python", 0, 702, 0, 0, 0, 0, 0, 0, 0, 0, 0, 0, 0, 0, 0, 0, 0, 15, 717
"/Users/vetleforthun/Documents/GitHub/agenticgroking/Agentic-Reasoning/scripts/lcb_runner/prompts/__init__.py", "Python", 0, 4, 0, 0, 0, 0, 0, 0, 0, 0, 0, 0, 0, 0, 0, 0, 0, 1, 5
"/Users/vetleforthun/Documents/GitHub/agenticgroking/Agentic-Reasoning/scripts/lcb_runner/prompts/code_execution.py", "Python", 0, 162, 0, 0, 0, 0, 0, 0, 0, 0, 0, 0, 0, 0, 0, 0, 0, 22, 184
"/Users/vetleforthun/Documents/GitHub/agenticgroking/Agentic-Reasoning/scripts/lcb_runner/prompts/code_generation.py", "Python", 0, 371, 0, 0, 0, 0, 0, 0, 0, 0, 0, 0, 0, 0, 0, 0, 2, 71, 444
"/Users/vetleforthun/Documents/GitHub/agenticgroking/Agentic-Reasoning/scripts/lcb_runner/prompts/few_shot_examples/generation/func.json", "JSON", 12, 0, 0, 0, 0, 0, 0, 0, 0, 0, 0, 0, 0, 0, 0, 0, 0, 0, 12
"/Users/vetleforthun/Documents/GitHub/agenticgroking/Agentic-Reasoning/scripts/lcb_runner/prompts/few_shot_examples/generation/stdin.json", "JSON", 10, 0, 0, 0, 0, 0, 0, 0, 0, 0, 0, 0, 0, 0, 0, 0, 0, 0, 10
"/Users/vetleforthun/Documents/GitHub/agenticgroking/Agentic-Reasoning/scripts/lcb_runner/prompts/self_repair.py", "Python", 0, 288, 0, 0, 0, 0, 0, 0, 0, 0, 0, 0, 0, 0, 0, 0, 17, 48, 353
"/Users/vetleforthun/Documents/GitHub/agenticgroking/Agentic-Reasoning/scripts/lcb_runner/pyext/pyext-0.7/README.rst", "reStructuredText", 0, 0, 0, 0, 0, 0, 41, 0, 0, 0, 0, 0, 0, 0, 0, 0, 2, 18, 61
"/Users/vetleforthun/Documents/GitHub/agenticgroking/Agentic-Reasoning/scripts/lcb_runner/pyext/pyext-0.7/pyext.py", "Python", 0, 378, 0, 0, 0, 0, 0, 0, 0, 0, 0, 0, 0, 0, 0, 0, 8, 97, 483
"/Users/vetleforthun/Documents/GitHub/agenticgroking/Agentic-Reasoning/scripts/lcb_runner/pyext/pyext-0.7/setup.cfg", "Properties", 0, 0, 0, 0, 4, 0, 0, 0, 0, 0, 0, 0, 0, 0, 0, 0, 0, 2, 6
"/Users/vetleforthun/Documents/GitHub/agenticgroking/Agentic-Reasoning/scripts/lcb_runner/pyext/pyext-0.7/setup.py", "Python", 0, 19, 0, 0, 0, 0, 0, 0, 0, 0, 0, 0, 0, 0, 0, 0, 0, 5, 24
"/Users/vetleforthun/Documents/GitHub/agenticgroking/Agentic-Reasoning/scripts/lcb_runner/runner/base_runner.py", "Python", 0, 156, 0, 0, 0, 0, 0, 0, 0, 0, 0, 0, 0, 0, 0, 0, 1, 25, 182
"/Users/vetleforthun/Documents/GitHub/agenticgroking/Agentic-Reasoning/scripts/lcb_runner/runner/claude3_runner.py", "Python", 0, 43, 0, 0, 0, 0, 0, 0, 0, 0, 0, 0, 0, 0, 0, 0, 0, 10, 53
"/Users/vetleforthun/Documents/GitHub/agenticgroking/Agentic-Reasoning/scripts/lcb_runner/runner/claude_runner.py", "Python", 0, 42, 0, 0, 0, 0, 0, 0, 0, 0, 0, 0, 0, 0, 0, 0, 0, 10, 52
"/Users/vetleforthun/Documents/GitHub/agenticgroking/Agentic-Reasoning/scripts/lcb_runner/runner/cohere_runner.py", "Python", 0, 44, 0, 0, 0, 0, 0, 0, 0, 0, 0, 0, 0, 0, 0, 0, 0, 10, 54
"/Users/vetleforthun/Documents/GitHub/agenticgroking/Agentic-Reasoning/scripts/lcb_runner/runner/custom_evaluator.py", "Python", 0, 87, 0, 0, 0, 0, 0, 0, 0, 0, 0, 0, 0, 0, 0, 0, 9, 19, 115
"/Users/vetleforthun/Documents/GitHub/agenticgroking/Agentic-Reasoning/scripts/lcb_runner/runner/deepseek_runner.py", "Python", 0, 60, 0, 0, 0, 0, 0, 0, 0, 0, 0, 0, 0, 0, 0, 0, 1, 9, 70
"/Users/vetleforthun/Documents/GitHub/agenticgroking/Agentic-Reasoning/scripts/lcb_runner/runner/gemini_runner.py", "Python", 0, 70, 0, 0, 0, 0, 0, 0, 0, 0, 0, 0, 0, 0, 0, 0, 0, 11, 81
"/Users/vetleforthun/Documents/GitHub/agenticgroking/Agentic-Reasoning/scripts/lcb_runner/runner/main.py", "Python", 0, 182, 0, 0, 0, 0, 0, 0, 0, 0, 0, 0, 0, 0, 0, 0, 0, 32, 214
"/Users/vetleforthun/Documents/GitHub/agenticgroking/Agentic-Reasoning/scripts/lcb_runner/runner/mistral_runner.py", "Python", 0, 44, 0, 0, 0, 0, 0, 0, 0, 0, 0, 0, 0, 0, 0, 0, 0, 10, 54
"/Users/vetleforthun/Documents/GitHub/agenticgroking/Agentic-Reasoning/scripts/lcb_runner/runner/oai_runner.py", "Python", 0, 58, 0, 0, 0, 0, 0, 0, 0, 0, 0, 0, 0, 0, 0, 0, 1, 8, 67
"/Users/vetleforthun/Documents/GitHub/agenticgroking/Agentic-Reasoning/scripts/lcb_runner/runner/parser.py", "Python", 0, 129, 0, 0, 0, 0, 0, 0, 0, 0, 0, 0, 0, 0, 0, 0, 0, 13, 142
"/Users/vetleforthun/Documents/GitHub/agenticgroking/Agentic-Reasoning/scripts/lcb_runner/runner/runner_utils.py", "Python", 0, 33, 0, 0, 0, 0, 0, 0, 0, 0, 0, 0, 0, 0, 0, 0, 0, 12, 45
"/Users/vetleforthun/Documents/GitHub/agenticgroking/Agentic-Reasoning/scripts/lcb_runner/runner/scenario_router.py", "Python", 0, 189, 0, 0, 0, 0, 0, 0, 0, 0, 0, 0, 0, 0, 0, 0, 1, 24, 214
"/Users/vetleforthun/Documents/GitHub/agenticgroking/Agentic-Reasoning/scripts/lcb_runner/runner/vllm_runner.py", "Python", 0, 57, 0, 0, 0, 0, 0, 0, 0, 0, 0, 0, 0, 0, 0, 0, 2, 6, 65
"/Users/vetleforthun/Documents/GitHub/agenticgroking/Agentic-Reasoning/scripts/lcb_runner/utils/extraction_utils.py", "Python", 0, 49, 0, 0, 0, 0, 0, 0, 0, 0, 0, 0, 0, 0, 0, 0, 2, 8, 59
"/Users/vetleforthun/Documents/GitHub/agenticgroking/Agentic-Reasoning/scripts/lcb_runner/utils/multiprocess.py", "Python", 0, 190, 0, 0, 0, 0, 0, 0, 0, 0, 0, 0, 0, 0, 0, 0, 0, 43, 233
"/Users/vetleforthun/Documents/GitHub/agenticgroking/Agentic-Reasoning/scripts/lcb_runner/utils/path_utils.py", "Python", 0, 31, 0, 0, 0, 0, 0, 0, 0, 0, 0, 0, 0, 0, 0, 0, 0, 10, 41
"/Users/vetleforthun/Documents/GitHub/agenticgroking/Agentic-Reasoning/scripts/lcb_runner/utils/scenarios.py", "Python", 0, 6, 0, 0, 0, 0, 0, 0, 0, 0, 0, 0, 0, 0, 0, 0, 0, 3, 9
"/Users/vetleforthun/Documents/GitHub/agenticgroking/Agentic-Reasoning/scripts/minimal_discourse_manager.py", "Python", 0, 124, 0, 0, 0, 0, 0, 0, 0, 0, 0, 0, 0, 0, 0, 0, 0, 14, 138
"/Users/vetleforthun/Documents/GitHub/agenticgroking/Agentic-Reasoning/scripts/minimal_lm_configs.py", "Python", 0, 27, 0, 0, 0, 0, 0, 0, 0, 0, 0, 0, 0, 0, 0, 0, 0, 3, 30
"/Users/vetleforthun/Documents/GitHub/agenticgroking/Agentic-Reasoning/scripts/prompts.py", "Python", 0, 415, 0, 0, 0, 0, 0, 0, 0, 0, 0, 0, 0, 0, 0, 0, 0, 42, 457
"/Users/vetleforthun/Documents/GitHub/agenticgroking/Agentic-Reasoning/scripts/quicksum.py", "Python", 0, 212, 0, 0, 0, 0, 0, 0, 0, 0, 0, 0, 0, 0, 0, 0, 26, 31, 269
"/Users/vetleforthun/Documents/GitHub/agenticgroking/Agentic-Reasoning/scripts/run_agentic_reason.py", "Python", 0, 330, 0, 0, 0, 0, 0, 0, 0, 0, 0, 0, 0, 0, 0, 0, 46, 64, 440
"/Users/vetleforthun/Documents/GitHub/agenticgroking/Agentic-Reasoning/scripts/test_agentic_reasoning.py", "Python", 0, 53, 0, 0, 0, 0, 0, 0, 0, 0, 0, 0, 0, 0, 0, 0, 5, 10, 68
"/Users/vetleforthun/Documents/GitHub/agenticgroking/Agentic-Reasoning/scripts/test_minimal.py", "Python", 0, 72, 0, 0, 0, 0, 0, 0, 0, 0, 0, 0, 0, 0, 0, 0, 9, 17, 98
"/Users/vetleforthun/Documents/GitHub/agenticgroking/Agentic-Reasoning/scripts/test_qdrant_store.py", "Python", 0, 70, 0, 0, 0, 0, 0, 0, 0, 0, 0, 0, 0, 0, 0, 0, 6, 13, 89
"/Users/vetleforthun/Documents/GitHub/agenticgroking/Agentic-Reasoning/scripts/test_utils.py", "Python", 0, 29, 0, 0, 0, 0, 0, 0, 0, 0, 0, 0, 0, 0, 0, 0, 0, 10, 39
"/Users/vetleforthun/Documents/GitHub/agenticgroking/Agentic-Reasoning/scripts/tools/__init__.py", "Python", 0, 0, 0, 0, 0, 0, 0, 0, 0, 0, 0, 0, 0, 0, 0, 0, 1, 0, 1
"/Users/vetleforthun/Documents/GitHub/agenticgroking/Agentic-Reasoning/scripts/tools/bing_search.py", "Python", 0, 251, 0, 0, 0, 0, 0, 0, 0, 0, 0, 0, 0, 0, 0, 0, 22, 48, 321
"/Users/vetleforthun/Documents/GitHub/agenticgroking/Agentic-Reasoning/scripts/tools/creat_graph.py", "Python", 0, 53, 0, 0, 0, 0, 0, 0, 0, 0, 0, 0, 0, 0, 0, 0, 12, 14, 79
"/Users/vetleforthun/Documents/GitHub/agenticgroking/Agentic-Reasoning/scripts/tools/duck_search.py", "Python", 0, 12, 0, 0, 0, 0, 0, 0, 0, 0, 0, 0, 0, 0, 0, 0, 0, 3, 15
"/Users/vetleforthun/Documents/GitHub/agenticgroking/Agentic-Reasoning/scripts/tools/run_code.py", "Python", 0, 42, 0, 0, 0, 0, 0, 0, 0, 0, 0, 0, 0, 0, 0, 0, 17, 10, 69
"/Users/vetleforthun/Documents/GitHub/agenticgroking/Agentic-Reasoning/scripts/tools/run_search.py", "Python", 0, 156, 0, 0, 0, 0, 0, 0, 0, 0, 0, 0, 0, 0, 0, 0, 14, 26, 196
"/Users/vetleforthun/Documents/GitHub/agenticgroking/Agentic-Reasoning/scripts/tools/temp.py", "Python", 0, 0, 0, 0, 0, 0, 0, 0, 0, 0, 0, 0, 0, 0, 0, 0, 0, 1, 1
"/Users/vetleforthun/Documents/GitHub/agenticgroking/Agentic-Reasoning/scripts/utils/math_equivalence.py", "Python", 0, 107, 0, 0, 0, 0, 0, 0, 0, 0, 0, 0, 0, 0, 0, 0, 23, 22, 152
"/Users/vetleforthun/Documents/GitHub/agenticgroking/Agentic-Reasoning/scripts/utils/remote_llm.py", "Python", 0, 118, 0, 0, 0, 0, 0, 0, 0, 0, 0, 0, 0, 0, 0, 0, 1, 12, 131
"/Users/vetleforthun/Documents/GitHub/agenticgroking/Agentic-Reasoning/setup.py", "Python", 0, 11, 0, 0, 0, 0, 0, 0, 0, 0, 0, 0, 0, 0, 0, 0, 0, 1, 12
"/Users/vetleforthun/Documents/GitHub/agenticgroking/Agentic-Reasoning/temp.py", "Python", 0, 4, 0, 0, 0, 0, 0, 0, 0, 0, 0, 0, 0, 0, 0, 0, 0, 1, 5
"/Users/vetleforthun/Documents/GitHub/agenticgroking/Agentic-Reasoning/tests/kv_store_llm_response_cache.json", "JSON", 14, 0, 0, 0, 0, 0, 0, 0, 0, 0, 0, 0, 0, 0, 0, 0, 0, 0, 14
"/Users/vetleforthun/Documents/GitHub/agenticgroking/Agentic-Reasoning/tests/test_discourse_manager.py", "Python", 0, 31, 0, 0, 0, 0, 0, 0, 0, 0, 0, 0, 0, 0, 0, 0, 0, 3, 34
"/Users/vetleforthun/Documents/GitHub/agenticgroking/Agentic-Reasoning/tokenizers-main/bindings/node/.yarn/releases/yarn-3.5.1.cjs", "JavaScript", 0, 0, 0, 0, 0, 0, 0, 0, 0, 0, 0, 0, 564, 0, 0, 0, 266, 44, 874
"/Users/vetleforthun/Documents/GitHub/agenticgroking/Agentic-Reasoning/tree.md", "Markdown", 0, 0, 166, 0, 0, 0, 0, 0, 0, 0, 0, 0, 0, 0, 0, 0, 0, 1, 167
"/Users/vetleforthun/Documents/GitHub/agenticgroking/Agentic-Reasoning/venv311/bin/Activate.ps1", "PowerShell", 0, 0, 0, 0, 0, 0, 0, 108, 0, 0, 0, 0, 0, 0, 0, 0, 106, 34, 248
"/Users/vetleforthun/Documents/GitHub/agenticgroking/Agentic-Reasoning/venv311/bin/activate.csh", "Shell Script", 0, 0, 0, 0, 0, 12, 0, 0, 0, 0, 0, 0, 0, 0, 0, 0, 5, 10, 27
"/Users/vetleforthun/Documents/GitHub/agenticgroking/Agentic-Reasoning/venv311/bin/activate.fish", "Shell Script", 0, 0, 0, 0, 0, 42, 0, 0, 0, 0, 0, 0, 0, 0, 0, 0, 14, 14, 70
"/Users/vetleforthun/Documents/GitHub/agenticgroking/Agentic-Reasoning/venv311/bin/jp.py", "Python", 0, 46, 0, 0, 0, 0, 0, 0, 0, 0, 0, 0, 0, 0, 0, 0, 2, 7, 55
"/Users/vetleforthun/Documents/GitHub/agenticgroking/Agentic-Reasoning/venv311/pyvenv.cfg", "Properties", 0, 0, 0, 0, 5, 0, 0, 0, 0, 0, 0, 0, 0, 0, 0, 0, 0, 1, 6
"Total", "-", 21637, 23392, 9196, 455, 11, 54, 41, 108, 3, 16, 294, 0, 581, 43, 13, 15, 2044, 5471, 63374